label,x0,y0,z0,x1,y1,z1,x2,y2,z2,x3,y3,z3,x4,y4,z4,x5,y5,z5,x6,y6,z6,x7,y7,z7,x8,y8,z8,x9,y9,z9,x10,y10,z10,x11,y11,z11,x12,y12,z12,x13,y13,z13,x14,y14,z14,x15,y15,z15,x16,y16,z16,x17,y17,z17,x18,y18,z18,x19,y19,z19,x20,y20,z20
A,0.6378179788589478,0.678352952003479,3.5174994650333247e-07,0.5598148703575134,0.6357108950614929,-0.020351756364107132,0.5063990950584412,0.5536940693855286,-0.027132710441946983,0.48385506868362427,0.4758232831954956,-0.033736541867256165,0.46314799785614014,0.41022858023643494,-0.03990289568901062,0.5547583699226379,0.41784900426864624,-0.0008217015420086682,0.5319675207138062,0.32994362711906433,-0.015964925289154053,0.5179742574691772,0.2745751440525055,-0.032556500285863876,0.5082683563232422,0.22060826420783997,-0.04673466831445694,0.6033605337142944,0.4017137587070465,-0.0073555526323616505,0.5973240733146667,0.29675722122192383,-0.0197854395955801,0.5930920839309692,0.22937516868114471,-0.036095086485147476,0.5890458226203918,0.16795602440834045,-0.049943286925554276,0.6472789645195007,0.41064247488975525,-0.018977083265781403,0.6466625332832336,0.3128584623336792,-0.036800432950258255,0.6384528279304504,0.24933300912380219,-0.05235675349831581,0.6282032132148743,0.18952083587646484,-0.06454028934240341,0.6890105605125427,0.43774381279945374,-0.033024486154317856,0.7085029482841492,0.3587823212146759,-0.05107489228248596,0.7164208889007568,0.30247536301612854,-0.06138820946216583,0.7191405296325684,0.24654735624790192,-0.06940732896327972
A,0.01238836720585823,0.5461472272872925,2.4952621302531952e-08,0.0011472385376691818,0.44405901432037354,0.08503897488117218,0.004228129982948303,0.36249682307243347,0.12337960302829742,0.0143988486379385,0.31374791264533997,0.14306406676769257,0.028396913781762123,0.27028071880340576,0.1616080403327942,-0.028307361528277397,0.32556644082069397,0.0906406044960022,-0.030521703884005547,0.21564194560050964,0.10889437049627304,-0.026153115555644035,0.15330639481544495,0.12532079219818115,-0.01397298090159893,0.10262711346149445,0.13670124113559723,-0.012681165710091591,0.3128211796283722,0.04716004431247711,-0.012039082124829292,0.18899771571159363,0.057472165673971176,0.004800848662853241,0.1202213317155838,0.06873077154159546,0.023629378527402878,0.07943806052207947,0.07918693125247955,0.01911281794309616,0.314156174659729,0.007529659662395716,0.03356870263814926,0.20388111472129822,0.015299994498491287,0.06348779052495956,0.15782414376735687,0.025063317269086838,0.08791355788707733,0.13416558504104614,0.0334952138364315,0.06536291539669037,0.3206678032875061,-0.025794807821512222,0.08160197734832764,0.2251826971769333,-0.01654726453125477,0.1057647243142128,0.19245567917823792,-0.005559468176215887,0.1315019726753235,0.18179340660572052,0.003488752990961075
A,0.6255567073822021,0.6815524697303772,5.250386720945244e-07,0.6843124032020569,0.6130772829055786,0.001875906134955585,0.7177308797836304,0.5400181412696838,-0.004008456598967314,0.7283943295478821,0.47013628482818604,-0.010152909904718399,0.7378491163253784,0.4145917594432831,-0.018327947705984116,0.6820088624954224,0.4747268259525299,-0.03140333294868469,0.7123829126358032,0.3650701940059662,-0.04973787069320679,0.7276598811149597,0.2948342561721802,-0.059164922684431076,0.7365502715110779,0.23833072185516357,-0.0649370476603508,0.6402788162231445,0.46990808844566345,-0.04113173484802246,0.6484388709068298,0.35463935136795044,-0.05903902277350426,0.6500082015991211,0.27932095527648926,-0.06946185231208801,0.6480968594551086,0.21967217326164246,-0.07743138819932938,0.5968379378318787,0.48045045137405396,-0.04877127707004547,0.5869786143302917,0.3695434331893921,-0.06582237035036087,0.5834622383117676,0.29822856187820435,-0.07742578536272049,0.5809202194213867,0.2431863397359848,-0.08563154935836792,0.554610013961792,0.5015056133270264,-0.054551586508750916,0.525517463684082,0.4169032573699951,-0.0729619488120079,0.5097076892852783,0.36433565616607666,-0.08219870924949646,0.4974821209907532,0.3186798393726349,-0.08683711290359497
A,0.2955969274044037,0.7993123531341553,4.0537258882977767e-07,0.3640955984592438,0.7942882776260376,-0.017780428752303123,0.4233238399028778,0.7584092020988464,-0.02492014318704605,0.4618564546108246,0.7249460220336914,-0.03228345513343811,0.49160897731781006,0.7008680701255798,-0.03992684185504913,0.40004080533981323,0.6156432032585144,-0.0066352346912026405,0.4326627552509308,0.5467140674591064,-0.019880415871739388,0.4523531198501587,0.5077449083328247,-0.03344191238284111,0.46838071942329407,0.4731178879737854,-0.04325546324253082,0.36714115738868713,0.5923668146133423,-0.011574208736419678,0.3984433710575104,0.508689284324646,-0.02166907861828804,0.4182334244251251,0.4568154215812683,-0.034582316875457764,0.43323034048080444,0.4127867817878723,-0.04493039846420288,0.33101925253868103,0.5859715342521667,-0.020017921924591064,0.35772162675857544,0.5034447908401489,-0.031808022409677505,0.3780435621738434,0.4544530510902405,-0.044287554919719696,0.39596667885780334,0.41345301270484924,-0.05350204184651375,0.29018649458885193,0.5932260751724243,-0.03055296652019024,0.2949213981628418,0.5212106704711914,-0.04279126971960068,0.30274099111557007,0.4760029911994934,-0.04922871291637421,0.31256523728370667,0.436543345451355,-0.0537010058760643
A,0.28877586126327515,0.8058507442474365,2.319491017033215e-07,0.2780086398124695,0.7214714288711548,-0.0022787307389080524,0.28644824028015137,0.6482577919960022,-0.008633730933070183,0.2977234721183777,0.5915417671203613,-0.015314802527427673,0.29366564750671387,0.5456940531730652,-0.023196689784526825,0.37656182050704956,0.6365135908126831,-0.015706034377217293,0.422481894493103,0.5588335990905762,-0.025834595784544945,0.4509679973125458,0.517708420753479,-0.0321185402572155,0.4730169475078583,0.4885513186454773,-0.03610474243760109,0.4045151472091675,0.6706733703613281,-0.02299724519252777,0.4653012156486511,0.5989315509796143,-0.029107635840773582,0.4981619715690613,0.5598704814910889,-0.03302350267767906,0.5201930999755859,0.5336380004882812,-0.03623289614915848,0.42252233624458313,0.7152277231216431,-0.030332323163747787,0.48136603832244873,0.6508476734161377,-0.0384521558880806,0.5120408535003662,0.6144073605537415,-0.04414568096399307,0.5315829515457153,0.586283802986145,-0.048395588994026184,0.43231984972953796,0.7657859921455383,-0.03742467239499092,0.485710084438324,0.7387862205505371,-0.04578247293829918,0.5179946422576904,0.7215929627418518,-0.047871459275484085,0.5439366102218628,0.7049121856689453,-0.048569101840257645
A,0.6025851964950562,0.7748962640762329,3.966440829117346e-07,0.5368143916130066,0.7606143355369568,-0.026723623275756836,0.47601985931396484,0.7207566499710083,-0.04190438613295555,0.4301954209804535,0.6891164779663086,-0.056231290102005005,0.3903125822544098,0.6688833236694336,-0.06968885660171509,0.48512059450149536,0.5787918567657471,-0.008507502265274525,0.45275062322616577,0.5156465768814087,-0.024426059797406197,0.4320324659347534,0.4777185022830963,-0.040488068014383316,0.4156110882759094,0.44164201617240906,-0.0530967116355896,0.5223742723464966,0.5507591962814331,-0.01099934708327055,0.5045793056488037,0.46910202503204346,-0.02246333286166191,0.4931093156337738,0.418362021446228,-0.033824946731328964,0.48258376121520996,0.3735463321208954,-0.043039001524448395,0.561683177947998,0.5429089665412903,-0.0191869605332613,0.5522615909576416,0.46271833777427673,-0.03377760201692581,0.5414201021194458,0.4133181869983673,-0.042839165776968,0.528454065322876,0.37012410163879395,-0.04930514097213745,0.6009243130683899,0.5515093803405762,-0.03075241856276989,0.6018013954162598,0.48064884543418884,-0.04385409131646156,0.5966802835464478,0.43374016880989075,-0.04923729598522186,0.5867889523506165,0.39070361852645874,-0.053049489855766296
A,0.6467370390892029,0.7443568706512451,3.514822424222075e-07,0.6679527759552002,0.6503818035125732,0.0053546130657196045,0.6588912010192871,0.5788445472717285,0.004611642099916935,0.6358832716941833,0.5283822417259216,0.0030639315955340862,0.6251600384712219,0.48502904176712036,0.000273668032605201,0.5832301378250122,0.5507003664970398,-0.018069054931402206,0.5526398420333862,0.4585949778556824,-0.028826680034399033,0.529236912727356,0.4054063558578491,-0.03271694853901863,0.5091080665588379,0.36766159534454346,-0.03495609015226364,0.5484219193458557,0.577888011932373,-0.025896428152918816,0.4945191740989685,0.49492257833480835,-0.038520120084285736,0.45837539434432983,0.4484728276729584,-0.042801275849342346,0.4299987256526947,0.4160403907299042,-0.044779013842344284,0.524398922920227,0.6185234785079956,-0.03174341842532158,0.4636906683444977,0.5565903782844543,-0.04373832792043686,0.4256138801574707,0.5218777656555176,-0.05198409780859947,0.39729177951812744,0.49651259183883667,-0.056925270706415176,0.5115965604782104,0.6697149872779846,-0.03565278276801109,0.45633137226104736,0.6555141806602478,-0.048015907406806946,0.4197474718093872,0.6463967561721802,-0.05407673120498657,0.39091384410858154,0.6375277638435364,-0.05602916702628136
A,0.6052477955818176,0.7971941232681274,-8.181510224858357e-08,0.537749171257019,0.7724449634552002,-0.01661461405456066,0.484648734331131,0.7234981060028076,-0.02683839574456215,0.4514017701148987,0.6809608936309814,-0.03972577676177025,0.42714646458625793,0.6326001882553101,-0.04987124353647232,0.5116845369338989,0.5849171876907349,0.007110698148608208,0.49534666538238525,0.5202358961105347,-0.017662059515714645,0.48001521825790405,0.5132980942726135,-0.04114317521452904,0.4719204306602478,0.5337966680526733,-0.05316485837101936,0.5458255410194397,0.5638819336891174,0.00011752443242585286,0.5377459526062012,0.46867990493774414,-0.021068666130304337,0.5222141146659851,0.4598332643508911,-0.038128774613142014,0.5157163739204407,0.4928353428840637,-0.045348115265369415,0.5809985995292664,0.5630068778991699,-0.012555155903100967,0.581067681312561,0.4733138680458069,-0.030757419764995575,0.5613662600517273,0.4715973734855652,-0.03940203785896301,0.5502761602401733,0.5066364407539368,-0.040801066905260086,0.6186458468437195,0.5819526314735413,-0.028127117082476616,0.6239876747131348,0.5057597160339355,-0.04083918780088425,0.6059591770172119,0.5023553967475891,-0.043491117656230927,0.5903998613357544,0.5351461172103882,-0.04190337285399437
A,0.6541868448257446,0.7505081295967102,-4.035861422835296e-08,0.653012216091156,0.6698382496833801,0.015879971906542778,0.629471480846405,0.5947144627571106,0.018587933853268623,0.6063823103904724,0.5388110876083374,0.01655569300055504,0.600599467754364,0.49091392755508423,0.011812730692327023,0.5644986629486084,0.5568191409111023,0.0026891320012509823,0.5229976177215576,0.48329824209213257,-0.0056816223077476025,0.49956873059272766,0.4324345886707306,-0.010865185409784317,0.48382410407066345,0.3934478163719177,-0.01440441608428955,0.5403692126274109,0.5834668874740601,-0.008464742451906204,0.47803205251693726,0.5869454741477966,-0.015884488821029663,0.48851215839385986,0.6205371022224426,-0.012640155851840973,0.5114619135856628,0.6352529525756836,-0.009115243330597878,0.5223161578178406,0.626839816570282,-0.01774851232767105,0.4706345200538635,0.6384055018424988,-0.023844173178076744,0.48436665534973145,0.6664904952049255,-0.012385500594973564,0.5063623785972595,0.6743947267532349,-0.0036919189151376486,0.5086013078689575,0.6769689321517944,-0.025689084082841873,0.46389836072921753,0.6833857297897339,-0.028155069798231125,0.4781142473220825,0.706080436706543,-0.016354866325855255,0.49750351905822754,0.7174321413040161,-0.005079977679997683
A,0.5955617427825928,0.8548536896705627,6.207514502420963e-07,0.5191035866737366,0.8387393355369568,-0.014327793382108212,0.4572867751121521,0.7769404649734497,-0.020509837195277214,0.41714364290237427,0.7295830845832825,-0.03058472089469433,0.37595635652542114,0.6976740956306458,-0.03972504287958145,0.4678763747215271,0.6532611846923828,0.004765172488987446,0.42587730288505554,0.5936988592147827,-0.008179343305528164,0.40200063586235046,0.5589412450790405,-0.018198354169726372,0.3815072178840637,0.5235117077827454,-0.026593560352921486,0.5116766691207886,0.6322610378265381,-0.006400508806109428,0.5093570351600647,0.5352159738540649,-0.02435106597840786,0.5099401473999023,0.47007521986961365,-0.03989095240831375,0.5113468170166016,0.4126562476158142,-0.04954184219241142,0.5554726719856262,0.6424512267112732,-0.021090976893901825,0.5473683476448059,0.5941917896270752,-0.0542941689491272,0.5489022731781006,0.6651992797851562,-0.06012909859418869,0.553404688835144,0.7161056399345398,-0.05549833923578262,0.5977401733398438,0.666369616985321,-0.036599840968847275,0.5818043351173401,0.6565550565719604,-0.066158227622509,0.5734530091285706,0.7156928181648254,-0.06716525554656982,0.5706766247749329,0.7597025632858276,-0.061729829758405685
A,0.6095575094223022,0.8380934000015259,2.542537629324215e-07,0.5534104704856873,0.8209438920021057,-0.01615453138947487,0.5114481449127197,0.7530425786972046,-0.017827430739998817,0.5378841757774353,0.6970304846763611,-0.01832025870680809,0.5718874335289001,0.6599522233009338,-0.0209074467420578,0.4919140040874481,0.6491195559501648,-0.004497243091464043,0.44348981976509094,0.5944597721099854,-0.011012484319508076,0.4134509563446045,0.5544127225875854,-0.01783270202577114,0.3876086175441742,0.5167191028594971,-0.026880215853452682,0.5292783975601196,0.6183632016181946,-0.013314185664057732,0.5123482346534729,0.5338903665542603,-0.018266286700963974,0.5094274282455444,0.4844864308834076,-0.028780274093151093,0.5097205638885498,0.44120508432388306,-0.03738460689783096,0.5686310529708862,0.620314359664917,-0.02592167817056179,0.5607501864433289,0.5508815050125122,-0.04656754806637764,0.5548802018165588,0.4880800247192383,-0.07300567626953125,0.5520905256271362,0.42557385563850403,-0.09317601472139359,0.6079246401786804,0.6431359052658081,-0.03907717764377594,0.5870615839958191,0.6502271294593811,-0.06977328658103943,0.579623281955719,0.7002664804458618,-0.08378247916698456,0.5775225758552551,0.7392171621322632,-0.09361054748296738
A,0.6060312390327454,0.8251368999481201,3.821706684448145e-07,0.5483500361442566,0.8067296743392944,-0.01872945949435234,0.5023919939994812,0.743358850479126,-0.022116944193840027,0.5174676775932312,0.673430323600769,-0.024882623925805092,0.5530605912208557,0.6346102356910706,-0.027507372200489044,0.48758479952812195,0.6442001461982727,-0.005568413063883781,0.4457566738128662,0.5849722623825073,-0.012518015690147877,0.4202021062374115,0.5449243783950806,-0.01934056356549263,0.40119731426239014,0.5107440948486328,-0.026632074266672134,0.5254334807395935,0.6135158538818359,-0.008038065396249294,0.5046764016151428,0.5343209505081177,-0.00974441971629858,0.4971955716609955,0.48748111724853516,-0.013709109276533127,0.49449029564857483,0.44891440868377686,-0.017596838995814323,0.5663602352142334,0.6086862087249756,-0.014833519235253334,0.5586262345314026,0.5261131525039673,-0.025320570915937424,0.5525170564651489,0.4747113585472107,-0.03806963190436363,0.5482892990112305,0.4297834634780884,-0.047829512506723404,0.6073348522186279,0.6230180263519287,-0.02385367825627327,0.6287181377410889,0.5630436539649963,-0.04158690571784973,0.6431476473808289,0.5211766362190247,-0.05348972603678703,0.6548139452934265,0.4838295578956604,-0.06119662523269653
A,0.5966267585754395,0.8230826258659363,4.281480414647376e-07,0.5311242341995239,0.8126009106636047,-0.021359071135520935,0.47150442004203796,0.7668161988258362,-0.0289066843688488,0.4315715432167053,0.7261829376220703,-0.03577970713376999,0.39415645599365234,0.6979060173034668,-0.041959937661886215,0.48821741342544556,0.6362488269805908,-0.0027822626288980246,0.4544038474559784,0.5733472108840942,-0.0114816939458251,0.43440303206443787,0.5340181589126587,-0.02067779377102852,0.4200085997581482,0.4987414479255676,-0.029034635052084923,0.5264673233032227,0.6090950965881348,-0.005459411535412073,0.510189950466156,0.5293706655502319,-0.011192748323082924,0.5021476745605469,0.4786664843559265,-0.01952100172638893,0.49698206782341003,0.43643972277641296,-0.0264310073107481,0.5665360689163208,0.6034599542617798,-0.012944691814482212,0.5587506890296936,0.5222249627113342,-0.02724407985806465,0.5525768399238586,0.46997421979904175,-0.03979388251900673,0.5463894605636597,0.4227482080459595,-0.04880182072520256,0.60658860206604,0.6170781254768372,-0.022614726796746254,0.6284075379371643,0.5561727285385132,-0.0412929393351078,0.6424976587295532,0.5113084316253662,-0.052665673196315765,0.6534831523895264,0.46833327412605286,-0.059775643050670624
A,0.6125209927558899,0.7710971832275391,2.906516272105364e-07,0.6341372132301331,0.6905972361564636,0.00824374333024025,0.630639910697937,0.6288328170776367,0.00840124860405922,0.6176949739456177,0.581770658493042,0.007484829053282738,0.6167989373207092,0.5428268313407898,0.0051610274240374565,0.553834080696106,0.5902495384216309,-0.014865205623209476,0.5247437357902527,0.5089365839958191,-0.024391569197177887,0.5017607808113098,0.46181219816207886,-0.027413731440901756,0.4836469888687134,0.42990991473197937,-0.02917114831507206,0.5188565254211426,0.6185741424560547,-0.023691898211836815,0.46137934923171997,0.5493795871734619,-0.034655943512916565,0.4234742820262909,0.5140072703361511,-0.037707120180130005,0.3959382176399231,0.49043747782707214,-0.03880104050040245,0.4954226315021515,0.661685049533844,-0.03049827739596367,0.4372883439064026,0.6105294227600098,-0.04150555655360222,0.4024393856525421,0.5797144174575806,-0.04977071285247803,0.3781995177268982,0.5558817982673645,-0.05496574938297272,0.4832448959350586,0.7133726477622986,-0.03512139245867729,0.43613430857658386,0.7130865454673767,-0.04753933474421501,0.4026477038860321,0.7105667591094971,-0.05454159155488014,0.3762558102607727,0.705589771270752,-0.057295843958854675
A,0.59700608253479,0.7818987965583801,6.978410169722338e-07,0.5415294766426086,0.7681962251663208,-0.01611148752272129,0.49920356273651123,0.7158289551734924,-0.02746606059372425,0.5042160153388977,0.6658538579940796,-0.04138863459229469,0.5246776342391968,0.625577986240387,-0.05436310917139053,0.49194175004959106,0.6047239303588867,-0.01616271771490574,0.4535684883594513,0.5435037016868591,-0.030854925513267517,0.4332197904586792,0.5053145885467529,-0.03958256542682648,0.4183521270751953,0.46681761741638184,-0.04745691642165184,0.5294060111045837,0.5860230326652527,-0.02479867823421955,0.5312745571136475,0.49515482783317566,-0.044376421719789505,0.5367104411125183,0.4329480528831482,-0.05773915350437164,0.5438476800918579,0.37984782457351685,-0.06546426564455032,0.5661630034446716,0.5971589684486389,-0.03532121703028679,0.5541004538536072,0.5569683313369751,-0.063568614423275,0.5462205410003662,0.6193960309028625,-0.06734742224216461,0.5449553728103638,0.6650362610816956,-0.06295783072710037,0.6010733842849731,0.6231497526168823,-0.047257911413908005,0.5843415856361389,0.6238512992858887,-0.07135781645774841,0.5725041031837463,0.6712239384651184,-0.07270611822605133,0.5671612024307251,0.7059087753295898,-0.06868333369493484
A,0.7075582146644592,0.7387532591819763,4.5082188648848387e-07,0.6292276978492737,0.6711801886558533,0.013968885876238346,0.6078657507896423,0.5966185927391052,0.013820531778037548,0.6049901843070984,0.5463700890541077,0.008380365557968616,0.5985084772109985,0.504517138004303,0.0001932899613166228,0.6299663186073303,0.5455545783042908,0.00031791755463927984,0.6131904721260071,0.4612016975879669,-0.015096766874194145,0.5959099531173706,0.4031983017921448,-0.027884138748049736,0.5816209316253662,0.35240334272384644,-0.038054224103689194,0.6425461769104004,0.5459655523300171,-0.01795068196952343,0.616850733757019,0.4556252956390381,-0.03135448321700096,0.5973526835441589,0.3939041495323181,-0.045803386718034744,0.5830167531967163,0.3377830386161804,-0.058839015662670135,0.6454766392707825,0.5674989223480225,-0.035556137561798096,0.6236563920974731,0.47883790731430054,-0.050269633531570435,0.605331301689148,0.4263671636581421,-0.0660926029086113,0.5920554995536804,0.3815406560897827,-0.07984001189470291,0.6337239742279053,0.6065541505813599,-0.05154617130756378,0.6108818650245667,0.5732611417770386,-0.06545582413673401,0.5936263799667358,0.5499552488327026,-0.07626120746135712,0.5818353891372681,0.5260269045829773,-0.08634568005800247
A,0.6651384830474854,0.7528376579284668,3.197501143858972e-07,0.611096978187561,0.7090983390808105,-0.012296779081225395,0.5813713669776917,0.6313614845275879,-0.018726155161857605,0.5717077255249023,0.5710018873214722,-0.02560281567275524,0.5592601895332336,0.5185530781745911,-0.032723214477300644,0.6059789657592773,0.531465470790863,-0.008066887967288494,0.5969784259796143,0.45334935188293457,-0.024752650409936905,0.5874118208885193,0.40566033124923706,-0.0396561324596405,0.57888263463974,0.3625301718711853,-0.05132447928190231,0.6361693739891052,0.5285117626190186,-0.017598267644643784,0.6384633779525757,0.4376636743545532,-0.03185931220650673,0.6373269557952881,0.3778384029865265,-0.047099873423576355,0.6372010707855225,0.32611748576164246,-0.0589156374335289,0.6621534824371338,0.5476697087287903,-0.030073311179876328,0.6725130081176758,0.46018290519714355,-0.0468265563249588,0.6750574111938477,0.4039163589477539,-0.061351023614406586,0.676065981388092,0.3528203070163727,-0.0726872980594635,0.6833411455154419,0.5842066407203674,-0.043891921639442444,0.6970245242118835,0.5293862223625183,-0.06214607506990433,0.7040584087371826,0.4871721565723419,-0.07202698290348053,0.7097938060760498,0.44554388523101807,-0.07918152213096619
A,0.709520697593689,0.7093614339828491,3.834613266917586e-07,0.649101972579956,0.7247895002365112,-0.022498341277241707,0.5856553912162781,0.7046271562576294,-0.030427368357777596,0.5388357639312744,0.6763607859611511,-0.036846090108156204,0.49913331866264343,0.6701933741569519,-0.042832426726818085,0.5687134861946106,0.6034908294677734,-0.008568944409489632,0.51734858751297,0.5642573833465576,-0.02343118190765381,0.48549026250839233,0.5362818837165833,-0.03711060434579849,0.4599003791809082,0.5073054432868958,-0.04759005457162857,0.5907098054885864,0.5613919496536255,-0.009686877951025963,0.5508245229721069,0.49140363931655884,-0.019339686259627342,0.5281569957733154,0.4472332000732422,-0.028817856684327126,0.5095036029815674,0.4098438024520874,-0.03646688908338547,0.6201832294464111,0.5387491583824158,-0.015264157205820084,0.5855970978736877,0.47314709424972534,-0.028165064752101898,0.5626687407493591,0.4353998899459839,-0.03644544258713722,0.5425650477409363,0.40285536646842957,-0.042537253350019455,0.6560617089271545,0.5292983651161194,-0.023512665182352066,0.6417552828788757,0.4689086377620697,-0.0353454053401947,0.6323526501655579,0.42950090765953064,-0.03971086069941521,0.6228609681129456,0.39376190304756165,-0.04281684756278992
A,0.717023491859436,0.7065634727478027,-4.792967160938133e-07,0.6576212644577026,0.7177828550338745,-0.023626716807484627,0.5908797383308411,0.6974620223045349,-0.03539371117949486,0.5421090722084045,0.6709229350090027,-0.047130484133958817,0.5032714009284973,0.6681238412857056,-0.05387783795595169,0.5932980179786682,0.6016849279403687,-0.007559512741863728,0.5828762650489807,0.5498015284538269,-0.03336611017584801,0.6068288087844849,0.5985965728759766,-0.045437123626470566,0.6153900027275085,0.6235536336898804,-0.05030517280101776,0.6267197728157043,0.5735626220703125,-0.007420362904667854,0.615841805934906,0.529899537563324,-0.034747444093227386,0.6394602656364441,0.5911239385604858,-0.03914094343781471,0.642146110534668,0.6113646030426025,-0.03624716401100159,0.6593093872070312,0.5537921190261841,-0.012694754637777805,0.648942768573761,0.5110681056976318,-0.041243210434913635,0.667058527469635,0.5685651898384094,-0.031972095370292664,0.6705015301704407,0.5934643149375916,-0.01854284107685089,0.6919683218002319,0.540567934513092,-0.019881026819348335,0.6787275075912476,0.49600112438201904,-0.03492741659283638,0.6866157650947571,0.5384560823440552,-0.024543119594454765,0.6883248686790466,0.5662296414375305,-0.012609821744263172
A,0.7316362857818604,0.7352826595306396,-5.705633725483494e-07,0.6705790758132935,0.7101699709892273,-0.034176744520664215,0.6238555908203125,0.6288386583328247,-0.0444314144551754,0.596733033657074,0.5660924911499023,-0.05076248198747635,0.5654091835021973,0.525762677192688,-0.050885383039712906,0.6602121591567993,0.5302159190177917,-0.014081437140703201,0.6759369373321533,0.5482357144355774,-0.038224246352910995,0.6762400269508362,0.5976477265357971,-0.04806821793317795,0.6722082495689392,0.5889406204223633,-0.05484222248196602,0.7053877711296082,0.5177552700042725,-0.010184275917708874,0.721053421497345,0.55721515417099,-0.039250947535037994,0.7110514640808105,0.6194287538528442,-0.04482230916619301,0.7043464779853821,0.6025938391685486,-0.043933723121881485,0.7473031878471375,0.5285081267356873,-0.01242246013134718,0.7612003087997437,0.5749548077583313,-0.04453882575035095,0.7451570630073547,0.6295452117919922,-0.039122115820646286,0.7358683347702026,0.6131293177604675,-0.030242228880524635,0.7844607830047607,0.5492382645606995,-0.018127785995602608,0.7922993302345276,0.5874199867248535,-0.03969443589448929,0.7749809622764587,0.6295305490493774,-0.0380253791809082,0.7631638646125793,0.6222641468048096,-0.03302381560206413
A,0.7939808368682861,0.7161948680877686,-4.324638211983256e-07,0.7472551465034485,0.6411508917808533,-0.003433228936046362,0.6986639499664307,0.5545713305473328,-0.01541864313185215,0.6739092469215393,0.4805401563644409,-0.028358526527881622,0.671440601348877,0.4121488332748413,-0.041663989424705505,0.6979866027832031,0.5335932970046997,-0.03865085914731026,0.6155610084533691,0.5893779993057251,-0.06455294042825699,0.6366195678710938,0.6127520203590393,-0.07340360432863235,0.6629928350448608,0.6030136346817017,-0.07719401270151138,0.7179458737373352,0.5862685441970825,-0.05090071260929108,0.6275662183761597,0.6507354974746704,-0.07536175847053528,0.6562104821205139,0.6561922430992126,-0.07337099313735962,0.6848501563072205,0.6404930353164673,-0.07300770282745361,0.735846996307373,0.6438517570495605,-0.06349366903305054,0.6489893198013306,0.6960344314575195,-0.08866838365793228,0.6764698624610901,0.7003865242004395,-0.07662465423345566,0.7044897079467773,0.6844409108161926,-0.06723123788833618,0.7517043352127075,0.7015236616134644,-0.07563690096139908,0.6753638982772827,0.7329516410827637,-0.09446794539690018,0.694563090801239,0.7336838245391846,-0.08760777860879898,0.7220589518547058,0.7213119268417358,-0.08058016747236252
A,0.7862638831138611,0.7245011329650879,-3.2575675845691876e-07,0.7673049569129944,0.631024181842804,0.008502067998051643,0.7340493202209473,0.5510431528091431,0.002435456495732069,0.7076605558395386,0.48725467920303345,-0.006460799369961023,0.7031065225601196,0.4320761263370514,-0.015953900292515755,0.6747623682022095,0.5386304259300232,-0.01454897504299879,0.6005576252937317,0.5761000514030457,-0.025867031887173653,0.6199898719787598,0.6015982031822205,-0.028368297964334488,0.6467559933662415,0.600635290145874,-0.02858414500951767,0.6653367280960083,0.5861396789550781,-0.02688739448785782,0.5943775773048401,0.6227323412895203,-0.03534645587205887,0.6166316866874695,0.6418734192848206,-0.03144799917936325,0.6436680555343628,0.6378977298736572,-0.02957288548350334,0.6591426730155945,0.640823245048523,-0.03769035264849663,0.5941870212554932,0.667603075504303,-0.04473798722028732,0.6162152886390686,0.6841720938682556,-0.03152720630168915,0.6416141986846924,0.6781112551689148,-0.023599594831466675,0.6557320356369019,0.699324369430542,-0.04764235019683838,0.5980264544487,0.7090434432029724,-0.053417839109897614,0.619343101978302,0.7220174670219421,-0.04178829491138458,0.6438518762588501,0.7201504707336426,-0.03163895756006241
A,0.7507749199867249,0.7779783010482788,-2.0893871521820984e-07,0.7579906582832336,0.6846261024475098,-0.0017707118531689048,0.7434244155883789,0.5959740281105042,-0.008430502377450466,0.7230913639068604,0.5290668606758118,-0.015519438311457634,0.7210067510604858,0.47589820623397827,-0.02288900688290596,0.6546003818511963,0.5694478750228882,-0.008656023070216179,0.5967821478843689,0.5888065099716187,-0.013382026925683022,0.6098809242248535,0.6205660104751587,-0.018627360463142395,0.6355546116828918,0.6359881162643433,-0.022187810391187668,0.6274772882461548,0.6135998964309692,-0.012430190108716488,0.5788265466690063,0.629214346408844,-0.013431616127490997,0.5958554744720459,0.6574479341506958,-0.015626000240445137,0.6235681772232056,0.6687871813774109,-0.018153484910726547,0.6081389784812927,0.6653632521629333,-0.014929496683180332,0.5679037570953369,0.6700245141983032,-0.015392041765153408,0.582976222038269,0.6944016814231873,-0.010569234378635883,0.6078150868415833,0.7038222551345825,-0.00866739358752966,0.5951050519943237,0.7183724045753479,-0.01765059493482113,0.5660713911056519,0.7214388847351074,-0.02025073580443859,0.583867609500885,0.7416532635688782,-0.013388463295996189,0.6054562926292419,0.7486840486526489,-0.006156563758850098
A,0.6785131692886353,0.7313196063041687,-3.6925305835211475e-07,0.7074991464614868,0.6556222438812256,0.017122384160757065,0.7176200151443481,0.5787691473960876,0.020869405940175056,0.7185499668121338,0.5179723501205444,0.019355056807398796,0.7310770153999329,0.47493425011634827,0.016439568251371384,0.6746617555618286,0.49823182821273804,0.016447868198156357,0.6136492490768433,0.47554266452789307,0.015915319323539734,0.6032986044883728,0.5120729207992554,0.013449499383568764,0.6147836446762085,0.5404836535453796,0.011810924857854843,0.6410399079322815,0.5092684030532837,0.0038385747466236353,0.5827773213386536,0.4849535822868347,0.00558839738368988,0.5784332752227783,0.527498722076416,0.006814538035541773,0.5969574451446533,0.5555339455604553,0.007111615035682917,0.6075759530067444,0.5364909172058105,-0.007180166896432638,0.5538520216941833,0.4984584450721741,-0.009441455826163292,0.5525822639465332,0.539421796798706,-0.0012628885451704264,0.5715766549110413,0.5665975213050842,0.0045714471489191055,0.5762815475463867,0.5758185982704163,-0.01655684784054756,0.5316265225410461,0.5264639854431152,-0.020626826211810112,0.5347232818603516,0.5562928915023804,-0.009817355312407017,0.5523519515991211,0.5844234228134155,0.0008810210274532437
A,0.6754626631736755,0.7600595951080322,-1.552540709326422e-07,0.693546712398529,0.6770278215408325,0.02246161177754402,0.6949453353881836,0.5946357846260071,0.028110049664974213,0.7023143768310547,0.5386172533035278,0.028703637421131134,0.7237754464149475,0.5005484819412231,0.026895796880126,0.6577823758125305,0.5213339924812317,0.0033458471298217773,0.6317257285118103,0.42821821570396423,-0.003968773875385523,0.6202497482299805,0.37259745597839355,-0.009096233174204826,0.6153559684753418,0.3255276083946228,-0.013614602386951447,0.6290713548660278,0.5325937867164612,-0.010612484067678452,0.5672599673271179,0.4946848750114441,-0.01593843102455139,0.561903178691864,0.5376090407371521,-0.01105507928878069,0.5793316960334778,0.5624445676803589,-0.00795260164886713,0.5976625680923462,0.5624414682388306,-0.02195178158581257,0.5405144691467285,0.5236163139343262,-0.02636392042040825,0.5398286581039429,0.5613700747489929,-0.013181379996240139,0.5594762563705444,0.5813361406326294,-0.004381853621453047,0.5663372278213501,0.6021729707717896,-0.031263649463653564,0.519824743270874,0.5547055602073669,-0.03479762002825737,0.5227309465408325,0.5800389647483826,-0.022690294310450554,0.5389971137046814,0.6024454832077026,-0.01172460988163948
A,0.7092550992965698,0.7448892593383789,-3.397771308755182e-07,0.644023060798645,0.7314378023147583,0.0053634061478078365,0.5877964496612549,0.687127411365509,0.007659018971025944,0.5588921308517456,0.6568509340286255,0.0019517356995493174,0.5376119017601013,0.6398907899856567,-0.004314771853387356,0.5822884440422058,0.5779716968536377,0.013965025544166565,0.5393613576889038,0.49853289127349854,-0.004261858761310577,0.517292857170105,0.4534086287021637,-0.01661340333521366,0.5010810494422913,0.4105910062789917,-0.024905413389205933,0.606868326663971,0.570052444934845,-0.001738809049129486,0.5613277554512024,0.5558927059173584,-0.038325343281030655,0.5792627930641174,0.6192205548286438,-0.048627398908138275,0.6079182624816895,0.6529929041862488,-0.04517599195241928,0.6336925625801086,0.5655437111854553,-0.01935592293739319,0.588355541229248,0.5527915358543396,-0.052594415843486786,0.6030756235122681,0.6159241795539856,-0.04584846273064613,0.6305808424949646,0.6476397514343262,-0.030048932880163193,0.6649386286735535,0.5668553113937378,-0.03719930350780487,0.6209939122200012,0.5414854884147644,-0.05580812692642212,0.6202310919761658,0.5896921157836914,-0.04580578953027725,0.6394709348678589,0.6233723759651184,-0.0313858836889267
A,0.7265719175338745,0.7580381631851196,-1.0812537709625758e-07,0.6595087647438049,0.7616608142852783,-0.02635882794857025,0.5834351181983948,0.73846435546875,-0.042105283588171005,0.5280055403709412,0.7335784435272217,-0.05939626693725586,0.4833158850669861,0.7443735003471375,-0.07638721168041229,0.5825121402740479,0.6001399159431458,-0.018195560202002525,0.5442294478416443,0.5159401893615723,-0.04141823947429657,0.522631824016571,0.46435701847076416,-0.05668242275714874,0.5035123229026794,0.419223427772522,-0.06827785074710846,0.6201661825180054,0.5746906995773315,-0.021770432591438293,0.6041263341903687,0.5318495035171509,-0.06684862077236176,0.6340653300285339,0.5969173312187195,-0.07856742292642593,0.6547814607620239,0.6438091397285461,-0.0757259652018547,0.6621260046958923,0.5595700740814209,-0.029337305575609207,0.6482085585594177,0.5150647163391113,-0.0723249688744545,0.6690196394920349,0.5790820717811584,-0.0661802813410759,0.6836811900138855,0.6253491640090942,-0.049990709871053696,0.7062864303588867,0.5541241765022278,-0.03910541906952858,0.6915631890296936,0.4990328252315521,-0.0661354660987854,0.6954485177993774,0.5421237349510193,-0.05902751907706261,0.6999449729919434,0.5823602676391602,-0.04651730880141258
A,0.715907096862793,0.7792285084724426,3.303172206869931e-07,0.6454741954803467,0.7838687300682068,-0.02209528721868992,0.5728291273117065,0.759935200214386,-0.030662834644317627,0.5193784832954407,0.7464526295661926,-0.03893619403243065,0.4726109802722931,0.743930459022522,-0.04575125128030777,0.5602917075157166,0.6162735223770142,0.003742698347195983,0.5048122406005859,0.5646650195121765,-0.0078081791289150715,0.47198486328125,0.5344647169113159,-0.021120909601449966,0.4444657564163208,0.5043925046920776,-0.03141690418124199,0.590909481048584,0.5777232646942139,0.0015250393189489841,0.5483699440956116,0.5117558240890503,-0.003289672313258052,0.5224382877349854,0.4693780839443207,-0.010638282634317875,0.5015466213226318,0.4358316957950592,-0.016831466928124428,0.6289921402931213,0.5572648644447327,-0.006523143500089645,0.5944069027900696,0.49362343549728394,-0.014090624637901783,0.5720799565315247,0.4571971297264099,-0.01737578958272934,0.5512400269508362,0.4265463948249817,-0.019749246537685394,0.6707996726036072,0.5498218536376953,-0.018179239705204964,0.6495778560638428,0.4868277311325073,-0.025070328265428543,0.6346981525421143,0.4495905637741089,-0.02527511864900589,0.6193112730979919,0.41431719064712524,-0.024855060502886772
A,0.6566284894943237,0.6870454549789429,-1.3091923278807371e-07,0.6609171628952026,0.6583775877952576,0.05296779423952103,0.6811338067054749,0.6195047497749329,0.08532316237688065,0.6935763955116272,0.5937976241111755,0.1057492196559906,0.7065007090568542,0.5699790120124817,0.12435518950223923,0.7306050658226013,0.5989401936531067,0.09155020117759705,0.7591968774795532,0.5604793429374695,0.1202881708741188,0.7751563191413879,0.53022301197052,0.136311337351799,0.7845499515533447,0.5064038634300232,0.14471900463104248,0.7419699430465698,0.5925677418708801,0.06577108055353165,0.7770292162895203,0.5450224280357361,0.09395843744277954,0.7913690805435181,0.511123538017273,0.1046098843216896,0.8010936379432678,0.48503851890563965,0.10905053466558456,0.744306206703186,0.5789805054664612,0.039782389998435974,0.7814986109733582,0.5286357402801514,0.06136982887983322,0.7975949048995972,0.49331921339035034,0.06645289808511734,0.8086111545562744,0.4640350341796875,0.06512922048568726,0.7405949831008911,0.5569143295288086,0.016678838059306145,0.7729476690292358,0.5134689211845398,0.02653292380273342,0.7909904718399048,0.4855926036834717,0.02843686006963253,0.8061332702636719,0.46092578768730164,0.027208153158426285
A,0.6910360455513,0.5507428050041199,2.776488372546737e-07,0.7243324518203735,0.525845468044281,-0.003403899958357215,0.774081826210022,0.5154446363449097,0.0009951478568837047,0.808623731136322,0.5162996053695679,0.005448878277093172,0.8347191214561462,0.5170199275016785,0.011061759665608406,0.774705708026886,0.5235192775726318,0.014825413003563881,0.8164957165718079,0.5191435217857361,0.015592500567436218,0.8429423570632935,0.52325040102005,0.013371068984270096,0.8636283874511719,0.5284609794616699,0.012126964516937733,0.7769562602043152,0.5324832201004028,0.01580999232828617,0.818169116973877,0.5297989845275879,0.019275616854429245,0.8447811603546143,0.5313541293144226,0.015840422362089157,0.8666673898696899,0.5363307595252991,0.012957286089658737,0.7772082686424255,0.5369125604629517,0.015016955323517323,0.8161693215370178,0.532467246055603,0.018901297822594643,0.8411266207695007,0.533311665058136,0.017393972724676132,0.8619006276130676,0.5366808176040649,0.015468209981918335,0.7763171792030334,0.5362164378166199,0.013261351734399796,0.8091433644294739,0.5307559370994568,0.018153809010982513,0.8298711776733398,0.5314860939979553,0.020571231842041016,0.8474041819572449,0.534017026424408,0.021562103182077408
A,0.7577361464500427,0.5777025818824768,1.2291860684854328e-07,0.8015293478965759,0.5738126635551453,0.00903808232396841,0.8490883708000183,0.5878003835678101,0.01746661216020584,0.8817073106765747,0.6030408143997192,0.023117978125810623,0.9039512276649475,0.6142659783363342,0.0295545756816864,0.8551628589630127,0.6115315556526184,0.024110838770866394,0.9059003591537476,0.6262262463569641,0.02584628388285637,0.9338652491569519,0.6398722529411316,0.02540350705385208,0.9545364379882812,0.6531301140785217,0.02558533288538456,0.8592678904533386,0.6197888851165771,0.018422823399305344,0.909055233001709,0.6363164186477661,0.020990144461393356,0.9358038902282715,0.648072361946106,0.018803471699357033,0.957099437713623,0.662676990032196,0.017301956191658974,0.8646483421325684,0.6186555027961731,0.011775030754506588,0.9127233028411865,0.6338029503822327,0.013621385209262371,0.9397871494293213,0.6454786062240601,0.011235914193093777,0.9609391689300537,0.6588618755340576,0.009246480651199818,0.8728477358818054,0.6071670651435852,0.0054734512232244015,0.9127640128135681,0.6181533336639404,0.009001867845654488,0.9345329999923706,0.6291447877883911,0.011152945458889008,0.9517296552658081,0.6412751078605652,0.012352501973509789
A,0.5913849472999573,0.6178455352783203,1.0375455303801573e-06,0.6573061347007751,0.6013759970664978,-0.06581442803144455,0.7242546081542969,0.6313769817352295,-0.11572371423244476,0.7719097137451172,0.6533761024475098,-0.1550246626138687,0.825360894203186,0.6561808586120605,-0.20060086250305176,0.6846925020217896,0.703459620475769,-0.15698976814746857,0.6915724277496338,0.8046680092811584,-0.21836407482624054,0.6870992183685303,0.8796554803848267,-0.2588023245334625,0.6761414408683777,0.9527313709259033,-0.28897514939308167,0.6109419465065002,0.7233309745788574,-0.1578490138053894,0.6021222472190857,0.8519909977912903,-0.21108247339725494,0.5889084935188293,0.9397789239883423,-0.24557490646839142,0.5737836360931396,1.0256643295288086,-0.2769321799278259,0.5529516339302063,0.7152183055877686,-0.15900276601314545,0.5420787334442139,0.8296487331390381,-0.21724319458007812,0.5265841484069824,0.9107599854469299,-0.2508145272731781,0.5108326077461243,0.9855460524559021,-0.27824223041534424,0.5067448019981384,0.6843250393867493,-0.16214969754219055,0.4674430787563324,0.7538192868232727,-0.22140471637248993,0.4319630265235901,0.7972836494445801,-0.24745364487171173,0.4025218188762665,0.8383908271789551,-0.26855647563934326
A,0.608755350112915,0.8007625937461853,5.131111606715422e-07,0.6805517673492432,0.7270299792289734,-0.01804671436548233,0.7449277639389038,0.631988525390625,-0.04055365175008774,0.7899765968322754,0.5425091981887817,-0.05987158417701721,0.8366323113441467,0.4781493544578552,-0.08244723826646805,0.696161150932312,0.6169819235801697,-0.08125202357769012,0.7261644601821899,0.5113087296485901,-0.11915145814418793,0.7399579882621765,0.43193715810775757,-0.13958263397216797,0.7528041005134583,0.35981374979019165,-0.15461565554141998,0.6333547234535217,0.6110485792160034,-0.0897473394870758,0.6285480260848999,0.5035576820373535,-0.12678508460521698,0.6219507455825806,0.42052745819091797,-0.14206232130527496,0.617703914642334,0.35075893998146057,-0.15706826746463776,0.5669639110565186,0.6189796328544617,-0.09740957617759705,0.5553234219551086,0.5107395648956299,-0.13267838954925537,0.5582902431488037,0.4262939691543579,-0.1470082849264145,0.5643372535705566,0.35530227422714233,-0.1592942178249359,0.5013272762298584,0.6351781487464905,-0.10484029352664948,0.4789591133594513,0.5420289635658264,-0.14029602706432343,0.467132568359375,0.4718942642211914,-0.15973390638828278,0.45988088846206665,0.40614575147628784,-0.1741810142993927
A,0.6075854301452637,0.7823888063430786,7.054223942759563e-07,0.6912158727645874,0.710759162902832,-0.01234456803649664,0.755092442035675,0.6246810555458069,-0.032830070704221725,0.7976746559143066,0.5352281332015991,-0.04915738105773926,0.8365398645401001,0.47297579050064087,-0.06904042512178421,0.6985750794410706,0.5421884655952454,-0.08301308006048203,0.7399451732635498,0.3907373249530792,-0.11649377644062042,0.753392219543457,0.29178231954574585,-0.13285328447818756,0.7611648440361023,0.21206289529800415,-0.14309942722320557,0.6347596645355225,0.533085823059082,-0.08988212794065475,0.6270415782928467,0.3608595132827759,-0.11942503601312637,0.6151545643806458,0.2548891007900238,-0.1331561654806137,0.605385422706604,0.1732507348060608,-0.14453791081905365,0.5744807720184326,0.5435248017311096,-0.09279540926218033,0.5648987293243408,0.3846387267112732,-0.1177048310637474,0.5628404021263123,0.2857305109500885,-0.1303449422121048,0.5633730888366699,0.2112591564655304,-0.14036668837070465,0.5195150971412659,0.5665828585624695,-0.09417593479156494,0.49367642402648926,0.4450688660144806,-0.11989513784646988,0.4801710247993469,0.3724428117275238,-0.1306782215833664,0.4732590615749359,0.30880939960479736,-0.13624079525470734
A,0.6208656430244446,0.716661274433136,-5.2333021471895336e-08,0.6980495452880859,0.6463519930839539,0.016685010865330696,0.7382102012634277,0.5554709434509277,0.024607306346297264,0.7469792366027832,0.4712509512901306,0.031183674931526184,0.7472444772720337,0.41297852993011475,0.040528636425733566,0.6674206256866455,0.44411781430244446,0.014010617509484291,0.6640089154243469,0.33788231015205383,0.02025432512164116,0.6605055928230286,0.3319060206413269,0.030331937596201897,0.6570059061050415,0.35804253816604614,0.040974900126457214,0.6107746958732605,0.4373764395713806,0.009483076632022858,0.6022498607635498,0.32404789328575134,0.021902643144130707,0.6038818955421448,0.3260078430175781,0.03566540405154228,0.6061629056930542,0.34789061546325684,0.0463264100253582,0.5603072047233582,0.45031309127807617,0.006890144199132919,0.5489479899406433,0.33696913719177246,0.018742194399237633,0.5534896850585938,0.3269364535808563,0.035375405102968216,0.5572166442871094,0.33865445852279663,0.04625210911035538,0.5174193382263184,0.48033562302589417,0.006436127237975597,0.5039509534835815,0.3856308162212372,0.019601590931415558,0.5085383057594299,0.3599510192871094,0.03749443590641022,0.512791097164154,0.35136428475379944,0.05225161090493202
A,0.622523844242096,0.692099928855896,-2.7337964070284215e-07,0.7043823003768921,0.6387273669242859,0.004444710910320282,0.7473222017288208,0.5475588440895081,0.010717155411839485,0.7378305196762085,0.4747456908226013,0.01672310009598732,0.6990271210670471,0.47794222831726074,0.02253194898366928,0.6665143370628357,0.41643470525741577,0.014184136874973774,0.6614804863929749,0.40936824679374695,0.022925082594156265,0.6618968844413757,0.4512486457824707,0.01985691860318184,0.661467432975769,0.4834858477115631,0.014968841336667538,0.6114118695259094,0.4137831926345825,0.011072427965700626,0.6143455505371094,0.41828757524490356,0.027204040437936783,0.6189939379692078,0.45692959427833557,0.02462722919881344,0.6188889145851135,0.49190419912338257,0.01775636151432991,0.5649768114089966,0.4367668926715851,0.009791948832571507,0.5681091547012329,0.429690957069397,0.020955676212906837,0.5765652060508728,0.4594382047653198,0.0205755103379488,0.5795792937278748,0.4939405620098114,0.01631784252822399,0.5250946283340454,0.4702157974243164,0.008997374214231968,0.5192078351974487,0.43866467475891113,0.017511805519461632,0.5273089408874512,0.4551689922809601,0.026528947055339813,0.5322753190994263,0.47886642813682556,0.03273630142211914
A,0.6264055371284485,0.6875240206718445,-2.3376087199267204e-07,0.6862068176269531,0.6205480098724365,0.0007957661873660982,0.7059180736541748,0.5379879474639893,0.0001419214968336746,0.6733362674713135,0.4851630628108978,0.0002943534927908331,0.6342847347259521,0.4755455553531647,0.0005717304884456098,0.658796489238739,0.422996461391449,-0.0010851150145754218,0.6514650583267212,0.424617201089859,-0.0018172904383391142,0.6509088277816772,0.46382036805152893,-0.008335467427968979,0.6504120826721191,0.49622106552124023,-0.013703297823667526,0.605570912361145,0.4196552336215973,-0.003812125651165843,0.6072199940681458,0.4342949092388153,0.006287983153015375,0.6098336577415466,0.469960480928421,0.005812065210193396,0.6099417209625244,0.5028829574584961,0.0015577934682369232,0.5591785311698914,0.4421001076698303,-0.005277322605252266,0.5645591020584106,0.4581451714038849,0.0024943496100604534,0.5710160732269287,0.49148625135421753,0.0036283922381699085,0.5736944675445557,0.5249677896499634,0.0006543326890096068,0.5197503566741943,0.47713005542755127,-0.006823446601629257,0.5218961834907532,0.4859795868396759,-0.0026091099716722965,0.5296183824539185,0.5197620391845703,0.0034837929997593164,0.5309821367263794,0.5489907264709473,0.008438722230494022
A,0.6980324983596802,0.6489592790603638,-3.270712909397844e-07,0.7113370299339294,0.5565261244773865,0.00023313799465540797,0.6810888051986694,0.49189743399620056,-0.0011768656549975276,0.6395251154899597,0.4753327965736389,-0.0037863587494939566,0.6038264036178589,0.4846642315387726,-0.006141881924122572,0.6628240942955017,0.42777425050735474,0.0036606413777917624,0.6437572836875916,0.4607727527618408,-0.009365244768559933,0.6514148116111755,0.4975804090499878,-0.024279562756419182,0.6676607728004456,0.5212068557739258,-0.034413862973451614,0.6209788918495178,0.43572887778282166,-0.0013099807547405362,0.6109573841094971,0.4839499294757843,-0.005166235379874706,0.6214209198951721,0.5192328095436096,-0.011465811170637608,0.6404263377189636,0.5361914038658142,-0.017579786479473114,0.5847060680389404,0.469436913728714,-0.007146805990487337,0.5784868001937866,0.5225962996482849,-0.013189947232604027,0.5946523547172546,0.5527081489562988,-0.01834823004901409,0.6168157458305359,0.5632587671279907,-0.023320594802498817,0.5517969727516174,0.513393223285675,-0.013395491987466812,0.5473640561103821,0.5724747776985168,-0.02412468008697033,0.5673037767410278,0.5980451107025146,-0.028628511354327202,0.5871062874794006,0.6028927564620972,-0.02986442856490612
A,0.7281050086021423,0.6598372459411621,-5.085148586658761e-07,0.6924546957015991,0.5697009563446045,0.017521051689982414,0.6322446465492249,0.5120479464530945,0.018699822947382927,0.5760084390640259,0.49924272298812866,0.014571125619113445,0.5361129641532898,0.5131782293319702,0.011559596285223961,0.5962061882019043,0.4393382966518402,0.013475924730300903,0.5163500308990479,0.5075488090515137,0.001051453989930451,0.5374566912651062,0.5404209494590759,-0.007571421563625336,0.5653440952301025,0.5409881472587585,-0.011929336003959179,0.5858818292617798,0.4678232669830322,-0.002210952341556549,0.5132185816764832,0.548743724822998,-0.008825614117085934,0.5422281622886658,0.5741037726402283,-0.007833046838641167,0.5700533986091614,0.5688136219978333,-0.008158387616276741,0.5781910419464111,0.513568103313446,-0.017656786367297173,0.5175807476043701,0.5897066593170166,-0.019667768850922585,0.5480770468711853,0.6137679815292358,-0.01136911939829588,0.5742005109786987,0.6062719225883484,-0.00909379031509161,0.57420414686203,0.567071259021759,-0.033097654581069946,0.5305227041244507,0.6300292015075684,-0.03877351060509682,0.5557323098182678,0.6534041166305542,-0.03529703989624977,0.5774475932121277,0.6520876884460449,-0.03159181773662567
B,0.3145495057106018,0.8027322292327881,3.2056271948022186e-07,0.2865257263183594,0.7307180166244507,-0.0008613881072960794,0.2730134129524231,0.6525954008102417,-0.008094781078398228,0.26516062021255493,0.5912579894065857,-0.015301316976547241,0.2466636300086975,0.5517932176589966,-0.02380194328725338,0.3421664237976074,0.6066071391105652,-0.02573452703654766,0.36805251240730286,0.5095133781433105,-0.03942481800913811,0.3862270712852478,0.45328599214553833,-0.045854076743125916,0.4016802906990051,0.41392648220062256,-0.04890691488981247,0.37974226474761963,0.6253474354743958,-0.033347174525260925,0.4195326864719391,0.524848997592926,-0.04205886647105217,0.44511860609054565,0.4654287099838257,-0.045660022646188736,0.46323341131210327,0.42680051922798157,-0.04833553731441498,0.4111403822898865,0.6582011580467224,-0.04008341580629349,0.45485371351242065,0.5761390924453735,-0.05063009634613991,0.4812411963939667,0.5247929096221924,-0.05830478295683861,0.4961513876914978,0.4890606999397278,-0.06369885057210922,0.43597275018692017,0.7002418041229248,-0.0457226037979126,0.48201605677604675,0.6588184833526611,-0.054309919476509094,0.5075845718383789,0.6357258558273315,-0.05610822141170502,0.5232413411140442,0.6173430681228638,-0.05676025524735451
B,0.5207926630973816,0.807712197303772,3.737310123597126e-07,0.4368685185909271,0.7935469746589661,-0.021635744720697403,0.36984020471572876,0.7335977554321289,-0.028494037687778473,0.3260682225227356,0.6780828833580017,-0.03542623668909073,0.2825208902359009,0.639590322971344,-0.04182108864188194,0.3939894139766693,0.5891208052635193,0.006009007804095745,0.35099637508392334,0.5171360373497009,-0.007060566917061806,0.3239401578903198,0.47304919362068176,-0.022601822391152382,0.30346930027008057,0.4295927584171295,-0.035659175366163254,0.4369450509548187,0.5582600235939026,0.001272013527341187,0.413848876953125,0.4681812822818756,-0.007291324902325869,0.4000699520111084,0.4083672761917114,-0.02045862376689911,0.3902435004711151,0.3580950200557709,-0.031959161162376404,0.48047545552253723,0.552596390247345,-0.009542993269860744,0.4666295647621155,0.46369409561157227,-0.023419450968503952,0.45407360792160034,0.4091222882270813,-0.03460482135415077,0.4418499767780304,0.3595941662788391,-0.043530192226171494,0.524436891078949,0.5644883513450623,-0.0233993548899889,0.5284644365310669,0.4875200688838959,-0.03782139718532562,0.527291476726532,0.43683427572250366,-0.04492458701133728,0.5235058069229126,0.3872360587120056,-0.05044768005609512
B,0.5720691084861755,0.7513566613197327,-1.7803756691137096e-07,0.5624106526374817,0.641990602016449,0.04483187943696976,0.5419436693191528,0.5581946969032288,0.05654257535934448,0.5176994800567627,0.5084028840065002,0.05943753942847252,0.4961699843406677,0.4731321632862091,0.061038728803396225,0.5414354801177979,0.5212160348892212,0.010940170846879482,0.5066207647323608,0.3981717824935913,-0.004493309184908867,0.45883774757385254,0.3561895489692688,-0.005574685987085104,0.42059290409088135,0.3427203893661499,-0.0008817290654405951,0.5315998792648315,0.5376871824264526,-0.019982490688562393,0.4896581470966339,0.39859065413475037,-0.03731570020318031,0.43018344044685364,0.35980504751205444,-0.030639074742794037,0.3865731358528137,0.348012775182724,-0.020650111138820648,0.5091382265090942,0.567115068435669,-0.048326149582862854,0.46138235926628113,0.43584519624710083,-0.060890406370162964,0.4030749201774597,0.40536028146743774,-0.053299397230148315,0.36185407638549805,0.3955046236515045,-0.04410999268293381,0.47685083746910095,0.6091669797897339,-0.07232268899679184,0.42305392026901245,0.5098397135734558,-0.08290308713912964,0.3808032274246216,0.4819090962409973,-0.07883188873529434,0.34923145174980164,0.4720175266265869,-0.07219360023736954
B,0.6080040335655212,0.7812732458114624,3.8929197643255975e-08,0.6011602282524109,0.6642684936523438,0.048423800617456436,0.5749783515930176,0.5746326446533203,0.06730221956968307,0.54304438829422,0.5170108675956726,0.07616154849529266,0.5139109492301941,0.4825167655944824,0.08188699185848236,0.5613729953765869,0.5339692234992981,0.025050533935427666,0.5280436277389526,0.4106660485267639,0.020449992269277573,0.49680420756340027,0.3416041135787964,0.022378243505954742,0.4676063060760498,0.2907937169075012,0.024073736742138863,0.5475054383277893,0.5450206398963928,-0.008269520476460457,0.5077566504478455,0.4027949571609497,-0.016499685123562813,0.46402060985565186,0.330035924911499,-0.01506124623119831,0.4264267086982727,0.2795473337173462,-0.014323252253234386,0.5214303731918335,0.5752615332603455,-0.03896722197532654,0.48458459973335266,0.4375835359096527,-0.04948641359806061,0.44466128945350647,0.3711910843849182,-0.05647192522883415,0.4120916724205017,0.3272717595100403,-0.06198098137974739,0.48253580927848816,0.6189152002334595,-0.06461938470602036,0.4291098415851593,0.5227472186088562,-0.08328301459550858,0.3884033262729645,0.4782610535621643,-0.09405148774385452,0.35045409202575684,0.44885945320129395,-0.10096537321805954
B,0.6677968502044678,0.8703857064247131,4.662169601488131e-07,0.6852267980575562,0.7309694886207581,0.008115933276712894,0.6728919744491577,0.6099535822868347,-0.00030747902928851545,0.6576396822929382,0.5136554837226868,-0.010906518436968327,0.6450705528259277,0.43129515647888184,-0.026003660634160042,0.6304720044136047,0.578207790851593,-0.05095526576042175,0.5964792370796204,0.4273681640625,-0.08107545971870422,0.5686347484588623,0.3388001024723053,-0.09632248431444168,0.5432432889938354,0.26716575026512146,-0.10595988482236862,0.5951842069625854,0.6110911965370178,-0.07167431712150574,0.5435075759887695,0.46976593136787415,-0.10433875024318695,0.49398183822631836,0.3836612403392792,-0.12326576560735703,0.45420849323272705,0.3182554543018341,-0.13817080855369568,0.5571355819702148,0.6685121655464172,-0.08866546303033829,0.505211353302002,0.5420385599136353,-0.11860990524291992,0.46081486344337463,0.4601568281650543,-0.13757430016994476,0.42647111415863037,0.40091127157211304,-0.15111222863197327,0.5188038945198059,0.7424368262290955,-0.10241575539112091,0.44674021005630493,0.6575524806976318,-0.13378657400608063,0.4017833173274994,0.6041210293769836,-0.1497742235660553,0.36205869913101196,0.5587538480758667,-0.1594763994216919
B,0.6774204969406128,0.9490972757339478,5.943257406215707e-07,0.7165187001228333,0.8028552532196045,-0.0015667483676224947,0.7175531983375549,0.6584823727607727,-0.020131241530179977,0.7084139585494995,0.5474832653999329,-0.03799423202872276,0.710756778717041,0.4554479420185089,-0.06157950311899185,0.669008731842041,0.6374852061271667,-0.09072814136743546,0.6376367211341858,0.4623580276966095,-0.13301093876361847,0.6113840937614441,0.3565559983253479,-0.1538444608449936,0.5883646011352539,0.2689434289932251,-0.16728799045085907,0.6193773746490479,0.6795521378517151,-0.11049321293830872,0.5628253221511841,0.5212275981903076,-0.15601316094398499,0.5114951133728027,0.4153920114040375,-0.1801920086145401,0.4698919951915741,0.33187049627304077,-0.19915904104709625,0.5692328214645386,0.7415022253990173,-0.12494681030511856,0.5064993500709534,0.5995921492576599,-0.16444869339466095,0.4580577611923218,0.5028190612792969,-0.18600580096244812,0.4209720492362976,0.4306131899356842,-0.20158010721206665,0.5227077007293701,0.8145675659179688,-0.13614535331726074,0.4432702660560608,0.7160308957099915,-0.17538395524024963,0.3973132371902466,0.6490403413772583,-0.19492566585540771,0.36037009954452515,0.5910439491271973,-0.20698915421962738
B,0.6437593698501587,0.9893451929092407,7.896174452071136e-07,0.7082806825637817,0.8255956172943115,0.00045383480028249323,0.7270712852478027,0.6680212616920471,-0.022186867892742157,0.7223865389823914,0.5325634479522705,-0.04111982509493828,0.7278839349746704,0.41755491495132446,-0.0651436522603035,0.6597803831100464,0.623102068901062,-0.1291041225194931,0.6365014910697937,0.39450040459632874,-0.1839442402124405,0.6034975051879883,0.2581949830055237,-0.20324589312076569,0.5748358368873596,0.14869767427444458,-0.21413929760456085,0.5915576815605164,0.675866961479187,-0.1528463363647461,0.5205632448196411,0.4605233073234558,-0.22146086394786835,0.4549899101257324,0.3172767162322998,-0.252044677734375,0.4047916531562805,0.20171871781349182,-0.27260908484458923,0.5218671560287476,0.7489254474639893,-0.1680840700864792,0.4525327682495117,0.5724539756774902,-0.2323509156703949,0.399499773979187,0.4404594600200653,-0.26351311802864075,0.3618771433830261,0.33359310030937195,-0.2808784246444702,0.4579451084136963,0.8319544196128845,-0.17708685994148254,0.3534851670265198,0.7047186493873596,-0.23721054196357727,0.2958292067050934,0.6168564558029175,-0.2657146453857422,0.2536172866821289,0.5347728133201599,-0.2807319462299347
B,0.5697929263114929,1.1264175176620483,1.1243542985539534e-06,0.6830634474754333,0.9411959648132324,-0.016643133014440536,0.7425737977027893,0.7362216114997864,-0.057275112718343735,0.7159716486930847,0.5606110095977783,-0.08424535393714905,0.6816012859344482,0.40978455543518066,-0.11832115054130554,0.6390714645385742,0.694238007068634,-0.2143605500459671,0.5890794396400452,0.38780447840690613,-0.28130483627319336,0.5293241739273071,0.2192893624305725,-0.2941332757472992,0.47869157791137695,0.1008378267288208,-0.2959364354610443,0.5337420105934143,0.777502715587616,-0.23311001062393188,0.4284152686595917,0.4401022791862488,-0.31913214921951294,0.34682491421699524,0.2450464367866516,-0.3426431715488434,0.293584942817688,0.10753661394119263,-0.35288119316101074,0.43340325355529785,0.8613370656967163,-0.23802535235881805,0.3201723098754883,0.5695010423660278,-0.30929070711135864,0.2587437331676483,0.3980948328971863,-0.3280797004699707,0.2308269441127777,0.2687023878097534,-0.3345884382724762,0.34382396936416626,0.9521212577819824,-0.2358531653881073,0.19379553198814392,0.7642106413841248,-0.2956468164920807,0.15493741631507874,0.6456049084663391,-0.31090864539146423,0.1602713167667389,0.5410388708114624,-0.3137394189834595
B,0.5761637091636658,0.9728851318359375,8.639303246127383e-07,0.6711595058441162,0.8190500140190125,0.0021231824066489935,0.7087449431419373,0.6618272662162781,-0.01784430630505085,0.6835528612136841,0.5229562520980835,-0.03143489733338356,0.6607398986816406,0.40804576873779297,-0.04876925051212311,0.6030988693237305,0.6026825308799744,-0.12043909728527069,0.5579788684844971,0.36117467284202576,-0.15750360488891602,0.5147365927696228,0.23652732372283936,-0.15687347948551178,0.4781334400177002,0.15521252155303955,-0.14976294338703156,0.5119750499725342,0.6543835997581482,-0.13471092283725739,0.427744060754776,0.3911392390727997,-0.18740227818489075,0.37230485677719116,0.2518523931503296,-0.19209907948970795,0.3355546295642853,0.16285023093223572,-0.18740861117839813,0.43447935581207275,0.7183871865272522,-0.13892458379268646,0.34580302238464355,0.4896118640899658,-0.17817513644695282,0.3084084391593933,0.36839354038238525,-0.176600381731987,0.29238682985305786,0.2864011228084564,-0.16870300471782684,0.37310802936553955,0.7969122529029846,-0.13790979981422424,0.2713938355445862,0.6368070840835571,-0.16469945013523102,0.2430972307920456,0.5441107749938965,-0.1618400514125824,0.24034105241298676,0.46932992339134216,-0.15277422964572906
B,0.6951940655708313,0.8671386241912842,-1.1692775814253764e-07,0.6811380386352539,0.7096970081329346,0.019861599430441856,0.6336703896522522,0.5707029104232788,0.006768610328435898,0.5856372117996216,0.4733566641807556,-0.009421604685485363,0.5453636646270752,0.3975331783294678,-0.03110860474407673,0.6204183101654053,0.5278376340866089,-0.07848896831274033,0.5022703409194946,0.398506224155426,-0.12286102771759033,0.42784810066223145,0.345241516828537,-0.14085054397583008,0.37361806631088257,0.31143155694007874,-0.14677385985851288,0.6000940203666687,0.595745325088501,-0.10893368721008301,0.45518219470977783,0.46760767698287964,-0.15006870031356812,0.36512768268585205,0.4533239006996155,-0.1506582349538803,0.31994855403900146,0.47000861167907715,-0.1456770896911621,0.5731369256973267,0.686292290687561,-0.1338694840669632,0.4333193302154541,0.5692833662033081,-0.16577310860157013,0.3556215465068817,0.5582895874977112,-0.1551775187253952,0.3217819631099701,0.5675408840179443,-0.143160879611969,0.5435149073600769,0.7885676026344299,-0.15521492063999176,0.4292052090167999,0.7155315279960632,-0.18099355697631836,0.3811178505420685,0.6911076307296753,-0.17448846995830536,0.36349737644195557,0.6787990927696228,-0.16375505924224854
B,0.6971921920776367,0.832793653011322,-1.3642316787354503e-07,0.6880019307136536,0.6745071411132812,0.02433891035616398,0.6496512293815613,0.5372406244277954,0.014472393319010735,0.6040365695953369,0.44351208209991455,0.001038414891809225,0.5668475031852722,0.36406409740448,-0.01765088178217411,0.6155372858047485,0.5110921859741211,-0.06776179373264313,0.4948350191116333,0.3845292329788208,-0.10680370032787323,0.42292115092277527,0.3395468294620514,-0.12036651372909546,0.3695134222507477,0.3118889629840851,-0.12343864142894745,0.5929454565048218,0.5752622485160828,-0.09637175500392914,0.44535285234451294,0.45436519384384155,-0.13313442468643188,0.35875385999679565,0.4376809895038605,-0.1319740265607834,0.31019648909568787,0.4449334442615509,-0.12631747126579285,0.5657382011413574,0.6596530079841614,-0.11931750923395157,0.42486637830734253,0.5483523607254028,-0.14921310544013977,0.34821322560310364,0.5312096476554871,-0.14165446162223816,0.30605724453926086,0.5297203660011292,-0.13217107951641083,0.5406025648117065,0.7536904811859131,-0.13752412796020508,0.42692750692367554,0.6854033470153809,-0.15903912484645844,0.3819417357444763,0.6694130897521973,-0.15107277035713196,0.35956305265426636,0.6640306711196899,-0.140513077378273
B,0.6949892640113831,0.8182814121246338,-1.6580720796355308e-07,0.6689928770065308,0.6694109439849854,0.024848002940416336,0.6155929565429688,0.5480760335922241,0.014341664500534534,0.562058687210083,0.4630751609802246,-0.0009914739057421684,0.5235100984573364,0.38982558250427246,-0.02217048406600952,0.5809668898582458,0.5241941809654236,-0.06584227830171585,0.45491930842399597,0.4279542565345764,-0.10655394941568375,0.37943315505981445,0.3995133340358734,-0.12289024144411087,0.3233068287372589,0.3865945339202881,-0.12895500659942627,0.5663336515426636,0.5877174139022827,-0.09736326336860657,0.4204165041446686,0.49913495779037476,-0.13820244371891022,0.3332679271697998,0.49375057220458984,-0.14284604787826538,0.28424060344696045,0.5095661878585815,-0.14145277440547943,0.5502716898918152,0.6726082563400269,-0.12353698164224625,0.4092148244380951,0.5987046360969543,-0.15327739715576172,0.33039337396621704,0.5916832685470581,-0.1496320515871048,0.2865901291370392,0.5952673554420471,-0.14427641034126282,0.5352296829223633,0.7684742212295532,-0.14568273723125458,0.4215434491634369,0.7384886145591736,-0.17135389149188995,0.36522018909454346,0.7235567569732666,-0.17228984832763672,0.33197420835494995,0.7082208395004272,-0.16850358247756958
B,0.7116320729255676,0.7212258577346802,-2.82263840745145e-07,0.6567702293395996,0.5908740162849426,0.026897745206952095,0.5718206763267517,0.49458712339401245,0.014294036664068699,0.5082147121429443,0.42125141620635986,-0.0042744833044707775,0.4717928171157837,0.34619957208633423,-0.029082927852869034,0.546690046787262,0.46121537685394287,-0.06938885897397995,0.4120028018951416,0.40653058886528015,-0.11552001535892487,0.3330828547477722,0.4066276550292969,-0.1390189528465271,0.2753753662109375,0.4177387058734894,-0.15213161706924438,0.5530376434326172,0.5223477482795715,-0.10627701133489609,0.403777539730072,0.4806603193283081,-0.15269900858402252,0.3140757381916046,0.5096461772918701,-0.16334131360054016,0.26074129343032837,0.5458778142929077,-0.16950498521327972,0.5622841119766235,0.6100563406944275,-0.13801245391368866,0.42114055156707764,0.5724002122879028,-0.17242157459259033,0.33948907256126404,0.6024521589279175,-0.17271442711353302,0.2897261381149292,0.6302899718284607,-0.17298583686351776,0.5729339718818665,0.7116420865058899,-0.16576506197452545,0.4683813154697418,0.7046412229537964,-0.1980554461479187,0.40424972772598267,0.7151923775672913,-0.20462368428707123,0.35801875591278076,0.7234103679656982,-0.20709151029586792
B,0.7466027736663818,0.6313967108726501,-2.1748807910171308e-07,0.6548632383346558,0.5271994471549988,0.014820677228271961,0.5438550710678101,0.46204280853271484,-0.0041184513829648495,0.4597322344779968,0.4167683720588684,-0.026434818282723427,0.3948069214820862,0.36502569913864136,-0.05562719702720642,0.5218433737754822,0.4549539089202881,-0.09207195043563843,0.3740573823451996,0.4681823253631592,-0.1460866779088974,0.2895899713039398,0.5084847211837769,-0.1750948578119278,0.229984313249588,0.5504369735717773,-0.19293713569641113,0.5468949675559998,0.5194860100746155,-0.12725016474723816,0.3895954489707947,0.5544466972351074,-0.18532370030879974,0.30029162764549255,0.6241278648376465,-0.2079196572303772,0.24647194147109985,0.6873849034309387,-0.22330719232559204,0.5813220739364624,0.6078062057495117,-0.15711316466331482,0.4389145076274872,0.6432904601097107,-0.20459125936031342,0.3544941544532776,0.7002918720245361,-0.21910427510738373,0.296563982963562,0.7451812028884888,-0.22931182384490967,0.6200951933860779,0.7082456350326538,-0.18258896470069885,0.5189265608787537,0.7603140473365784,-0.2274867296218872,0.4543258249759674,0.8029085397720337,-0.24407127499580383,0.4009872078895569,0.8351510167121887,-0.25413596630096436
B,0.6995501518249512,0.550224781036377,-2.2548904610175668e-07,0.5834734439849854,0.47822239995002747,0.02616957761347294,0.46891549229621887,0.4639210104942322,0.007351990789175034,0.3798724114894867,0.45380163192749023,-0.015282359905540943,0.3048451542854309,0.4327816963195801,-0.045631807297468185,0.43584924936294556,0.4681307375431061,-0.10905604064464569,0.2929767966270447,0.5422524213790894,-0.16587789356708527,0.21712762117385864,0.6129873991012573,-0.1917639821767807,0.16612282395362854,0.6739384531974792,-0.20746654272079468,0.47461310029029846,0.5243483185768127,-0.14917610585689545,0.3284066915512085,0.6247277855873108,-0.21506762504577637,0.2534611225128174,0.7263800501823425,-0.23469339311122894,0.21479786932468414,0.8063021898269653,-0.24809716641902924,0.5284527540206909,0.5981058478355408,-0.18139797449111938,0.39481982588768005,0.6912121772766113,-0.2358533889055252,0.32295018434524536,0.7802519202232361,-0.2494972050189972,0.27715978026390076,0.8468259572982788,-0.2594675123691559,0.5906224846839905,0.6781882643699646,-0.2072754204273224,0.5039172172546387,0.7677536606788635,-0.25914159417152405,0.45109254121780396,0.8324234485626221,-0.2783779799938202,0.4066038727760315,0.8846014142036438,-0.2906310558319092
B,0.6828861832618713,0.39750680327415466,1.107141223144481e-08,0.5649239420890808,0.42125821113586426,0.0011690659448504448,0.46156567335128784,0.5053760409355164,-0.02813870459794998,0.37810274958610535,0.5856032967567444,-0.05536353588104248,0.30401545763015747,0.633922815322876,-0.09103896468877792,0.45227953791618347,0.51474928855896,-0.13828301429748535,0.3663915991783142,0.6956408023834229,-0.19426481425762177,0.32895398139953613,0.8207641243934631,-0.21910400688648224,0.30571991205215454,0.922693133354187,-0.2357749491930008,0.5156106352806091,0.531542956829071,-0.16740113496780396,0.44368988275527954,0.7510334849357605,-0.22471240162849426,0.41909071803092957,0.9058012962341309,-0.2437925785779953,0.4101909399032593,1.017493724822998,-0.2601670026779175,0.5943160057067871,0.5530977845191956,-0.18924552202224731,0.5379754304885864,0.7638522386550903,-0.23839470744132996,0.5113603472709656,0.9020431637763977,-0.2541744112968445,0.4894249141216278,1.0027589797973633,-0.26834070682525635,0.6768737435340881,0.5768126249313354,-0.20662541687488556,0.66156405210495,0.7394546866416931,-0.2576931118965149,0.6509512662887573,0.8460076451301575,-0.27724236249923706,0.6346257925033569,0.9334348440170288,-0.2902473211288452
B,0.6386888027191162,0.332439124584198,1.582817077405707e-07,0.5414538979530334,0.432226300239563,-0.002430830616503954,0.48003968596458435,0.5769073963165283,-0.026688164100050926,0.43881672620773315,0.7066475749015808,-0.049304552376270294,0.4124431014060974,0.8140260577201843,-0.08048379421234131,0.48943182826042175,0.5876138210296631,-0.13348379731178284,0.46518751978874207,0.7967418432235718,-0.18711501359939575,0.4669058322906494,0.9346506595611572,-0.2120743840932846,0.47509604692459106,1.0458577871322632,-0.22936458885669708,0.558176577091217,0.5691854953765869,-0.16106106340885162,0.5660625696182251,0.7912431955337524,-0.21777205169200897,0.5817342400550842,0.9442495107650757,-0.2434375137090683,0.5985811948776245,1.0640262365341187,-0.2651439309120178,0.6357299089431763,0.5404661297798157,-0.18119694292545319,0.6473571062088013,0.7418092489242554,-0.23176048696041107,0.6596122980117798,0.8838939070701599,-0.25513559579849243,0.6692578792572021,0.9993205070495605,-0.2740989029407501,0.7129891514778137,0.5090755224227905,-0.19726146757602692,0.742691159248352,0.6591134071350098,-0.2519804835319519,0.7625686526298523,0.7669063210487366,-0.2766993045806885,0.776935875415802,0.8616326451301575,-0.29265639185905457
B,0.6137875914573669,0.35332024097442627,4.972135911884834e-07,0.5493592619895935,0.47608089447021484,-0.017722317948937416,0.5314075946807861,0.6430166363716125,-0.041845355182886124,0.5284860134124756,0.7989435791969299,-0.05911919102072716,0.5291646122932434,0.9144687652587891,-0.08333725482225418,0.5535194277763367,0.6396624445915222,-0.13216356933116913,0.5734924674034119,0.8244311213493347,-0.1778818815946579,0.6058534383773804,0.9381564855575562,-0.19421423971652985,0.6369390487670898,1.0241265296936035,-0.20474548637866974,0.625283420085907,0.5913787484169006,-0.1463494896888733,0.6977089643478394,0.7893838882446289,-0.1942874640226364,0.7546110153198242,0.9156665802001953,-0.21315470337867737,0.7989001274108887,1.0064563751220703,-0.22894272208213806,0.6956419348716736,0.5335908532142639,-0.1549377143383026,0.7675014734268188,0.7064967155456543,-0.19789013266563416,0.8175572156906128,0.8333686590194702,-0.21886029839515686,0.8530823588371277,0.9350305795669556,-0.23516236245632172,0.7594761848449707,0.4748215675354004,-0.1604725569486618,0.833046555519104,0.597235918045044,-0.20587694644927979,0.8791754245758057,0.6898229122161865,-0.22906070947647095,0.912344217300415,0.7760646343231201,-0.24430792033672333
B,0.5985110998153687,0.47382161021232605,5.799222435598494e-07,0.6016750931739807,0.6348471641540527,-0.07220771163702011,0.6458961963653564,0.7882616519927979,-0.1329592913389206,0.6928774118423462,0.9045230746269226,-0.17480872571468353,0.706209123134613,1.008466362953186,-0.2216755449771881,0.60262131690979,0.6900336146354675,-0.2477363795042038,0.6781514286994934,0.7795122861862183,-0.341255784034729,0.7553324103355408,0.8550857901573181,-0.39801809191703796,0.8254722356796265,0.9221131205558777,-0.43816089630126953,0.6346072554588318,0.5641881823539734,-0.2464303821325302,0.7460939884185791,0.6150816679000854,-0.3422311544418335,0.8608026504516602,0.6697476506233215,-0.3958265781402588,0.9550628066062927,0.7214637994766235,-0.4416196942329407,0.6724658012390137,0.45725640654563904,-0.23836693167686462,0.7975198030471802,0.48955464363098145,-0.3187362551689148,0.9059603214263916,0.5460013747215271,-0.3592788279056549,0.9946216344833374,0.6020113825798035,-0.3918980658054352,0.7159852385520935,0.3666137754917145,-0.2305685430765152,0.8111785650253296,0.35872259736061096,-0.2975045144557953,0.8908034563064575,0.38044899702072144,-0.3293687403202057,0.9617443084716797,0.4168374836444855,-0.3551737666130066
B,0.6745156049728394,0.549534797668457,-6.913424499543908e-07,0.6357054710388184,0.6470067501068115,-0.06155173107981682,0.6032560467720032,0.7452099323272705,-0.11930794268846512,0.6315900087356567,0.8185197114944458,-0.1751420795917511,0.6597422957420349,0.8819675445556641,-0.23353737592697144,0.5232823491096497,0.651313841342926,-0.1322430819272995,0.5565254092216492,0.7064247131347656,-0.21892428398132324,0.6201730966567993,0.7556368112564087,-0.278994083404541,0.6943870782852173,0.7989983558654785,-0.3081355690956116,0.5468226671218872,0.521705150604248,-0.1394505798816681,0.5924887657165527,0.5025068521499634,-0.23022432625293732,0.6955446600914001,0.5071868300437927,-0.27102866768836975,0.7885528206825256,0.5218208432197571,-0.2848755121231079,0.5871716141700745,0.4204530119895935,-0.1487312763929367,0.6252082586288452,0.39159679412841797,-0.24100348353385925,0.7240203619003296,0.3987552523612976,-0.26003777980804443,0.8046062588691711,0.4189174175262451,-0.2521490752696991,0.6389678716659546,0.3447996973991394,-0.16032931208610535,0.6463505625724792,0.29466912150382996,-0.2296784371137619,0.6886242032051086,0.2540804445743561,-0.23561283946037292,0.73539137840271,0.22840479016304016,-0.2257324904203415
B,0.65045166015625,0.5863738059997559,1.304896670717426e-07,0.6442469358444214,0.6959133744239807,-0.10367988795042038,0.6011687517166138,0.8110809922218323,-0.18872521817684174,0.5766243934631348,0.9226531982421875,-0.25912711024284363,0.5722528696060181,1.0293350219726562,-0.33295339345932007,0.5285537242889404,0.6985734701156616,-0.24855589866638184,0.4601344168186188,0.7227661609649658,-0.3584005832672119,0.4506271183490753,0.7265060544013977,-0.42033159732818604,0.481901079416275,0.7379645109176636,-0.45421770215034485,0.5353914499282837,0.5711504817008972,-0.24368278682231903,0.47147899866104126,0.5465495586395264,-0.36377042531967163,0.4920710325241089,0.5351001024246216,-0.41760700941085815,0.5502010583877563,0.5396258234977722,-0.4475913941860199,0.5587939023971558,0.46945899724960327,-0.24044975638389587,0.5193303823471069,0.44496747851371765,-0.3483685851097107,0.5339028835296631,0.4385126829147339,-0.3916630744934082,0.5788326859474182,0.4481728971004486,-0.41352662444114685,0.6031070947647095,0.39659255743026733,-0.24202682077884674,0.5722491145133972,0.33354806900024414,-0.3400166630744934,0.5811316967010498,0.28422874212265015,-0.38675224781036377,0.6121068000793457,0.25020650029182434,-0.4151268005371094
B,0.6917403936386108,0.7900146245956421,6.884366712256451e-07,0.6205185651779175,0.8818089962005615,-0.07518541067838669,0.5311051607131958,0.9229494333267212,-0.1347564458847046,0.4596980810165405,0.9372291564941406,-0.18653887510299683,0.3872271180152893,0.9782453179359436,-0.2429436892271042,0.44653552770614624,0.7526665925979614,-0.14398136734962463,0.3596472144126892,0.7064689993858337,-0.2257707566022873,0.3091648817062378,0.7052170634269714,-0.2855618894100189,0.2635425925254822,0.7099320292472839,-0.327572762966156,0.48575466871261597,0.6569241881370544,-0.15251731872558594,0.403809130191803,0.581410825252533,-0.23488420248031616,0.3651936948299408,0.5409135818481445,-0.29744842648506165,0.33010804653167725,0.5056647062301636,-0.34297141432762146,0.5463177561759949,0.5913032293319702,-0.16597312688827515,0.48572269082069397,0.5154731869697571,-0.24856165051460266,0.4522566497325897,0.4736577868461609,-0.30559036135673523,0.42027005553245544,0.44363608956336975,-0.3445010483264923,0.6219047904014587,0.5487708449363708,-0.18232642114162445,0.5935379862785339,0.46448057889938354,-0.25522908568382263,0.5781996250152588,0.41293880343437195,-0.29721054434776306,0.5614178776741028,0.37115153670310974,-0.3277636170387268
B,0.6840836405754089,0.7431033253669739,9.045002116181422e-07,0.6017172932624817,0.8316457271575928,-0.08904708176851273,0.5043320059776306,0.8530369400978088,-0.15231530368328094,0.4288066625595093,0.8553493618965149,-0.20538094639778137,0.34691596031188965,0.8827598094940186,-0.2635701596736908,0.4324003756046295,0.676055908203125,-0.1517610400915146,0.34905439615249634,0.6229360699653625,-0.23509752750396729,0.2977505028247833,0.6051443219184875,-0.29729804396629333,0.24822355806827545,0.5845425128936768,-0.34419554471969604,0.47649526596069336,0.5836052298545837,-0.15704245865345,0.39807257056236267,0.4922142028808594,-0.24212034046649933,0.35282933712005615,0.4383193254470825,-0.31221234798431396,0.30490684509277344,0.38311728835105896,-0.3660268783569336,0.5390245914459229,0.525876522064209,-0.16852444410324097,0.4807165563106537,0.443721741437912,-0.2580173909664154,0.4417671263217926,0.3934357166290283,-0.3252476751804352,0.400957852602005,0.3479764461517334,-0.3730248510837555,0.6141048669815063,0.49340975284576416,-0.18377302587032318,0.5938634872436523,0.41207921504974365,-0.2668170630931854,0.5798937082290649,0.3618452847003937,-0.31798213720321655,0.5594251751899719,0.31544530391693115,-0.3564198315143585
B,0.6946706771850586,0.8486876487731934,8.453279747300257e-07,0.5960401296615601,0.9068763852119446,-0.06815468519926071,0.4869030714035034,0.8892690539360046,-0.11651334911584854,0.40850600600242615,0.857178807258606,-0.15785600244998932,0.32274770736694336,0.8453355431556702,-0.20231707394123077,0.44114673137664795,0.6957331299781799,-0.11087363958358765,0.3611230254173279,0.6086015701293945,-0.17980554699897766,0.30775582790374756,0.5676850080490112,-0.232148677110672,0.25585314631462097,0.524931013584137,-0.2728330194950104,0.4951154589653015,0.6190198063850403,-0.11977320164442062,0.4201313555240631,0.5024880170822144,-0.18858014047145844,0.3725660443305969,0.4292604327201843,-0.2460625171661377,0.3219025135040283,0.360679030418396,-0.29117661714553833,0.5619076490402222,0.5809744596481323,-0.13473686575889587,0.5008283853530884,0.4716431498527527,-0.20901794731616974,0.4605149030685425,0.4137362539768219,-0.2645605504512787,0.41423043608665466,0.36614853143692017,-0.3045809864997864,0.640893816947937,0.5679490566253662,-0.15261895954608917,0.6262722015380859,0.46361953020095825,-0.22344915568828583,0.6066754460334778,0.41217753291130066,-0.26807108521461487,0.5739454627037048,0.3754318952560425,-0.301533967256546
B,0.6759837865829468,1.0151442289352417,6.839326260887901e-07,0.5630057454109192,1.0335068702697754,-0.037639304995536804,0.4617728590965271,0.9852505326271057,-0.06568370759487152,0.39640113711357117,0.9294410347938538,-0.09217178821563721,0.3197631239891052,0.8868498802185059,-0.1199973002076149,0.44536927342414856,0.7914438843727112,-0.049051567912101746,0.38294363021850586,0.6877261996269226,-0.09333960711956024,0.3388459086418152,0.6296950578689575,-0.12802180647850037,0.29388993978500366,0.571514904499054,-0.1557108610868454,0.5098364949226379,0.7314739227294922,-0.06443660706281662,0.4533110558986664,0.5906718969345093,-0.1059035211801529,0.4153686463832855,0.5026990175247192,-0.14183104038238525,0.3733310103416443,0.4253365993499756,-0.17019756138324738,0.5808409452438354,0.7140831351280212,-0.08542439341545105,0.5356639623641968,0.5813078880310059,-0.13491396605968475,0.502439558506012,0.5089701414108276,-0.16808734834194183,0.4566507637500763,0.4476325213909149,-0.19164595007896423,0.6604236364364624,0.7238411903381348,-0.10815991461277008,0.6556614637374878,0.6101317405700684,-0.15693998336791992,0.6410003900527954,0.5550021529197693,-0.18086208403110504,0.6075781583786011,0.5158361196517944,-0.19775179028511047
B,0.6407431960105896,0.9582636952400208,5.702937642126926e-07,0.518775999546051,0.9465731382369995,-0.041149236261844635,0.4206410050392151,0.8577432632446289,-0.06477031856775284,0.35844290256500244,0.77004474401474,-0.08633045852184296,0.28718724846839905,0.7057340741157532,-0.1070362776517868,0.4248424768447876,0.6421861052513123,-0.024532534182071686,0.37082725763320923,0.5277226567268372,-0.05943887680768967,0.3316321074962616,0.46518629789352417,-0.0920446515083313,0.2918006181716919,0.4007354974746704,-0.11921259760856628,0.48992446064949036,0.5942490696907043,-0.033949390053749084,0.4503105580806732,0.450772225856781,-0.06513234227895737,0.42140573263168335,0.36140912771224976,-0.096586674451828,0.38808125257492065,0.2792415916919708,-0.1226160079240799,0.5567895174026489,0.5889208316802979,-0.05108484625816345,0.53052818775177,0.4523899555206299,-0.08840644359588623,0.5003576278686523,0.3736712336540222,-0.1157463863492012,0.4595942497253418,0.3052420914173126,-0.13669084012508392,0.6293935775756836,0.6143288612365723,-0.07200648635625839,0.6324589252471924,0.4977143406867981,-0.10863984376192093,0.6165528297424316,0.4305158257484436,-0.1283600777387619,0.5835423469543457,0.3755713403224945,-0.1433172971010208
B,0.6143473982810974,0.950624942779541,4.804804802915896e-07,0.48882797360420227,0.936126708984375,-0.030350452288985252,0.3945896029472351,0.8460664749145508,-0.04899149015545845,0.33379656076431274,0.760637640953064,-0.06919272243976593,0.263579785823822,0.6906790733337402,-0.08921808749437332,0.40414777398109436,0.6304613351821899,-0.007543661165982485,0.34860342741012573,0.5182193517684937,-0.04008736461400986,0.30619722604751587,0.45592573285102844,-0.07269103080034256,0.26337116956710815,0.39172112941741943,-0.1012144535779953,0.4641643166542053,0.58491450548172,-0.02362907864153385,0.42660894989967346,0.44511863589286804,-0.05464249476790428,0.3968863785266876,0.3573397397994995,-0.08882003277540207,0.36267924308776855,0.2775866985321045,-0.11772124469280243,0.5252392292022705,0.5819333791732788,-0.04762344807386398,0.5012573003768921,0.4466487467288971,-0.08608800917863846,0.47123828530311584,0.3675389885902405,-0.11794941127300262,0.42884013056755066,0.2968255281448364,-0.14307288825511932,0.5928572416305542,0.6082487106323242,-0.07487287372350693,0.5999495387077332,0.49232834577560425,-0.11532439291477203,0.5837262272834778,0.42656999826431274,-0.14077430963516235,0.5488460659980774,0.3716041147708893,-0.16075430810451508
B,0.5873469710350037,0.8598319292068481,5.131935267854715e-07,0.45481717586517334,0.8505908250808716,-0.02398679219186306,0.36359649896621704,0.7632862329483032,-0.03896529600024223,0.3060319125652313,0.6820622682571411,-0.058889854699373245,0.23669937252998352,0.6123459935188293,-0.08047489821910858,0.3716655969619751,0.5557869672775269,0.009559831582009792,0.31449997425079346,0.4503996968269348,-0.01801990158855915,0.27480220794677734,0.39041072130203247,-0.04983726516366005,0.23680847883224487,0.32742545008659363,-0.07918794453144073,0.430083304643631,0.5084115266799927,-0.012381992302834988,0.3898700773715973,0.3726631999015808,-0.0413370244204998,0.3573376536369324,0.2878299355506897,-0.08161154389381409,0.322487473487854,0.21185722947120667,-0.11641939729452133,0.4877389669418335,0.5012328028678894,-0.042821526527404785,0.4639894962310791,0.37054821848869324,-0.08180846273899078,0.430681973695755,0.2963002920150757,-0.12284749746322632,0.38944464921951294,0.23244744539260864,-0.15564951300621033,0.55091792345047,0.52056485414505,-0.0760682225227356,0.5540177822113037,0.4100416302680969,-0.11742477864027023,0.5383442640304565,0.3465958833694458,-0.14899395406246185,0.5078397393226624,0.29328230023384094,-0.17534884810447693
B,0.5250871181488037,0.9152094125747681,4.4850852987110557e-07,0.4060031473636627,0.8784517645835876,-0.021200360730290413,0.32127845287323,0.7745281457901001,-0.033242370933294296,0.27013877034187317,0.6865452527999878,-0.048229869455099106,0.21169114112854004,0.6170020699501038,-0.06373942643404007,0.3517606556415558,0.5671355724334717,0.0033440745901316404,0.3097264766693115,0.4549599289894104,-0.022399628534913063,0.2784988582134247,0.3909698724746704,-0.05029530078172684,0.24795758724212646,0.32577061653137207,-0.07497958093881607,0.41438058018684387,0.5333720445632935,-0.014356461353600025,0.3909085690975189,0.3928755819797516,-0.03911425545811653,0.3685421645641327,0.3065997064113617,-0.07049324363470078,0.34109926223754883,0.2279108166694641,-0.0968923345208168,0.4746074676513672,0.5384723544120789,-0.038845162838697433,0.46559005975723267,0.4074861407279968,-0.07112837582826614,0.4405015707015991,0.3280239999294281,-0.10082113742828369,0.40406155586242676,0.2572588622570038,-0.12429993599653244,0.5371794700622559,0.572462797164917,-0.06575219333171844,0.5555551648139954,0.4621676802635193,-0.09847939759492874,0.5464568138122559,0.3950342535972595,-0.11942870169878006,0.5202860832214355,0.335654616355896,-0.13638585805892944
B,0.4443543255329132,0.9716674089431763,2.671499714779202e-07,0.36507558822631836,0.8859341144561768,-0.013806517235934734,0.32939520478248596,0.7524356842041016,-0.022371314465999603,0.30897796154022217,0.6600602865219116,-0.03468833491206169,0.27123233675956726,0.5903400182723999,-0.0466395765542984,0.41114088892936707,0.6002655029296875,0.011933389119803905,0.4186396896839142,0.4953230321407318,-0.010290765203535557,0.41812705993652344,0.43232792615890503,-0.03612430766224861,0.4164692461490631,0.3726871907711029,-0.056927360594272614,0.4571409225463867,0.6009125709533691,-0.003167629474774003,0.4701356589794159,0.4674094319343567,-0.021949294954538345,0.4665622115135193,0.378231018781662,-0.04479215294122696,0.4568749964237213,0.2972128689289093,-0.06343565136194229,0.4974913001060486,0.6292501091957092,-0.024217240512371063,0.5261902213096619,0.5014232397079468,-0.045942407101392746,0.5227143168449402,0.42152726650238037,-0.06440295279026031,0.5043250918388367,0.3482877314090729,-0.07868491858243942,0.5378929376602173,0.6844184398651123,-0.04804554581642151,0.583054780960083,0.5892645120620728,-0.06869259476661682,0.5832571387290955,0.5253086090087891,-0.08036233484745026,0.5625443458557129,0.4664638042449951,-0.08962816745042801
B,0.48045313358306885,0.8990268707275391,4.938373194818269e-07,0.41810691356658936,0.8049269914627075,-0.01462624128907919,0.4148184061050415,0.6706501245498657,-0.023429812863469124,0.4259490370750427,0.5903447270393372,-0.03552756458520889,0.42741158604621887,0.5193169713020325,-0.0479867048561573,0.4868968725204468,0.5666936039924622,-0.010897318832576275,0.4920508861541748,0.45077237486839294,-0.03648146614432335,0.4910331666469574,0.37613168358802795,-0.05805438011884689,0.49200212955474854,0.31171712279319763,-0.07501084357500076,0.5185370445251465,0.5806864500045776,-0.028079139068722725,0.5554577708244324,0.45021581649780273,-0.055258043110370636,0.5748515129089355,0.35999858379364014,-0.07927568256855011,0.5942496061325073,0.27704453468322754,-0.09636816382408142,0.5368174314498901,0.6229387521743774,-0.049697961658239365,0.558959424495697,0.5015387535095215,-0.0800425186753273,0.5612196326255798,0.4207000136375427,-0.10258311778306961,0.5662574172019958,0.3457643985748291,-0.11795749515295029,0.5446711182594299,0.6841740012168884,-0.073198102414608,0.5643792152404785,0.5920094847679138,-0.10130912065505981,0.5631207823753357,0.5302244424819946,-0.11534327268600464,0.5592397451400757,0.47272008657455444,-0.12551002204418182
B,0.5046694874763489,0.9354456663131714,8.254280601249775e-07,0.43058985471725464,0.7926428318023682,0.018975339829921722,0.405467689037323,0.6712467670440674,0.01319716963917017,0.38859206438064575,0.580931544303894,0.002078121993690729,0.36753061413764954,0.5055256485939026,-0.010993155650794506,0.5026259422302246,0.6251994967460632,-0.022752519696950912,0.52729731798172,0.491199791431427,-0.048093825578689575,0.5389048457145691,0.4021713435649872,-0.06345581263303757,0.5458700656890869,0.32621264457702637,-0.07305736839771271,0.5084649920463562,0.649642825126648,-0.0487443245947361,0.5267217755317688,0.49759620428085327,-0.07575731724500656,0.5247672200202942,0.3929632902145386,-0.09308087080717087,0.5202283263206482,0.30559396743774414,-0.105882927775383,0.4846267104148865,0.6878350377082825,-0.0716189295053482,0.44087761640548706,0.5358556509017944,-0.10167109221220016,0.39572668075561523,0.44576209783554077,-0.1200111135840416,0.3595837950706482,0.38033950328826904,-0.13087619841098785,0.4331529438495636,0.7381003499031067,-0.09066327661275864,0.3804731070995331,0.6255630850791931,-0.11569865047931671,0.34128862619400024,0.5650601387023926,-0.12544263899326324,0.30875325202941895,0.5181459188461304,-0.13124077022075653
B,0.4781566858291626,0.8725247383117676,6.512356662824459e-07,0.4037114083766937,0.797913670539856,-0.02617240697145462,0.3751724660396576,0.6758979558944702,-0.04866989701986313,0.3598986864089966,0.5900760293006897,-0.07195069640874863,0.3420158624649048,0.5252324342727661,-0.09602908790111542,0.4546304941177368,0.5343141555786133,-0.03427455201745033,0.4706769287586212,0.42094922065734863,-0.06918712705373764,0.47623443603515625,0.34755223989486694,-0.09821753203868866,0.47882968187332153,0.28177177906036377,-0.12146042287349701,0.49253177642822266,0.5553073883056641,-0.05035610496997833,0.5376652479171753,0.4317828416824341,-0.0847918838262558,0.5525859594345093,0.3475518524646759,-0.11171203851699829,0.5626790523529053,0.26864978671073914,-0.13208451867103577,0.5165228247642517,0.6088489890098572,-0.07104246318340302,0.5538216233253479,0.4878949224948883,-0.10847547650337219,0.5478567481040955,0.409334659576416,-0.1325957328081131,0.5382089614868164,0.3334685266017914,-0.14979435503482819,0.5307065844535828,0.6874351501464844,-0.09388578683137894,0.5585055351257324,0.601338267326355,-0.1314067542552948,0.5476459860801697,0.5444060564041138,-0.14930568635463715,0.5279194712638855,0.4908040165901184,-0.1618375927209854
B,0.5724338889122009,0.8413637280464172,6.245671215765469e-07,0.5322628021240234,0.7046744227409363,0.01773461326956749,0.5098938941955566,0.5907428860664368,0.014833341352641582,0.4903404712677002,0.5094550251960754,0.0071118539199233055,0.4665862023830414,0.4429880976676941,-0.003948815166950226,0.5453207492828369,0.540397047996521,-0.02973216213285923,0.5410769581794739,0.4106619358062744,-0.05800250917673111,0.5305589437484741,0.32278600335121155,-0.07549075037240982,0.5164949297904968,0.2449045479297638,-0.08782811462879181,0.5521106719970703,0.5624440312385559,-0.05848894268274307,0.5654773116111755,0.4235857129096985,-0.08891745656728745,0.5468018651008606,0.32757237553596497,-0.1074904203414917,0.5226073861122131,0.24926596879959106,-0.12074915319681168,0.5378291010856628,0.6160485148429871,-0.08450572937726974,0.5143095254898071,0.494697630405426,-0.12140846252441406,0.468837171792984,0.4230899214744568,-0.14468199014663696,0.43165454268455505,0.3723606467247009,-0.1584450602531433,0.501728355884552,0.6915581226348877,-0.10621669143438339,0.43928128480911255,0.6302715539932251,-0.1440829634666443,0.3876264989376068,0.597804844379425,-0.160945326089859,0.34390777349472046,0.5737102627754211,-0.1700378805398941
B,0.5733051896095276,0.8637325167655945,7.085268549644752e-08,0.6202769875526428,0.733465850353241,0.01403195783495903,0.6228614449501038,0.6082647442817688,0.012561270967125893,0.589036762714386,0.5208351612091064,0.01037182193249464,0.5440018773078918,0.5239657163619995,0.0073236133903265,0.5120521783828735,0.5649276971817017,-0.02857740968465805,0.430019348859787,0.42755186557769775,-0.040571555495262146,0.40574467182159424,0.40727412700653076,-0.0408984012901783,0.404356986284256,0.4266626834869385,-0.035800814628601074,0.4526687264442444,0.6151724457740784,-0.03846172243356705,0.36925628781318665,0.4753403663635254,-0.041307732462882996,0.3714533746242523,0.4736795425415039,-0.03206659480929375,0.39142242074012756,0.5073409080505371,-0.02516510710120201,0.40271198749542236,0.6795693039894104,-0.04391251504421234,0.3202667236328125,0.5492156744003296,-0.04139835759997368,0.3305875360965729,0.5468756556510925,-0.02510722726583481,0.3568718433380127,0.5788000822067261,-0.014786691404879093,0.364511638879776,0.7501041293144226,-0.04709548503160477,0.28640639781951904,0.6529722809791565,-0.040721118450164795,0.2950345575809479,0.634685218334198,-0.022608991712331772,0.32292723655700684,0.6459119915962219,-0.008214916102588177
B,0.594059944152832,0.8913458585739136,7.66776508953626e-07,0.6216816306114197,0.7437122464179993,0.0009340347605757415,0.6194899082183838,0.6139433979988098,-0.010924452915787697,0.5954477787017822,0.5104175806045532,-0.02112549915909767,0.5704097747802734,0.4300101399421692,-0.03376740962266922,0.5262786746025085,0.5892698764801025,-0.06081504002213478,0.4872576594352722,0.422831654548645,-0.0902189165353775,0.45788028836250305,0.32582810521125793,-0.10297428071498871,0.4307677745819092,0.2530103325843811,-0.10957670956850052,0.4745239317417145,0.6341086030006409,-0.07377339154481888,0.39748647809028625,0.4771884083747864,-0.1021512821316719,0.3432424068450928,0.3860880434513092,-0.11487770080566406,0.29883208870887756,0.31889820098876953,-0.12412767112255096,0.42885613441467285,0.6980023384094238,-0.08275364339351654,0.34274426102638245,0.5668975710868835,-0.10908426344394684,0.2906344532966614,0.48372167348861694,-0.12387816607952118,0.2541688084602356,0.42007023096084595,-0.1337217390537262,0.3913951516151428,0.7724432945251465,-0.08870312571525574,0.30208486318588257,0.6966286897659302,-0.11557569354772568,0.2526434063911438,0.645746648311615,-0.1272934526205063,0.21614307165145874,0.5966109037399292,-0.13257087767124176
B,0.5621812343597412,0.8955027461051941,-1.3151095856756e-07,0.5976972579956055,0.7565454244613647,0.023981282487511635,0.6035622954368591,0.6344013214111328,0.025921544060111046,0.5573907494544983,0.559116005897522,0.028774047270417213,0.5033441781997681,0.5458034873008728,0.03354319557547569,0.5151452422142029,0.6046298742294312,-0.043893828988075256,0.43162983655929565,0.44408345222473145,-0.05471312254667282,0.4244351387023926,0.4507654309272766,-0.040563877671957016,0.4414595067501068,0.49301713705062866,-0.022532818838953972,0.45832735300064087,0.6552987694740295,-0.054594043642282486,0.37098583579063416,0.49571940302848816,-0.0633016973733902,0.37462562322616577,0.5087993144989014,-0.04106120392680168,0.39970797300338745,0.5478589534759521,-0.02142626978456974,0.4088529944419861,0.7156088948249817,-0.05852650851011276,0.317914754152298,0.5702598094940186,-0.06056974455714226,0.3285723030567169,0.5758830904960632,-0.031651366502046585,0.3575878441333771,0.6061646342277527,-0.009547293186187744,0.37022221088409424,0.7876619100570679,-0.058141328394412994,0.29212236404418945,0.672539234161377,-0.05307198688387871,0.30368131399154663,0.6605973243713379,-0.02660555951297283,0.3330981731414795,0.6752138733863831,-0.003942127339541912
B,0.520459771156311,0.8522263765335083,5.72164822187915e-07,0.5562282800674438,0.7077585458755493,0.015620055608451366,0.5613559484481812,0.5851037502288818,0.017296023666858673,0.5267918109893799,0.5056750178337097,0.020364195108413696,0.4771629869937897,0.4766208529472351,0.02326345257461071,0.4509129822254181,0.5514721274375916,-0.03422357141971588,0.3875804543495178,0.39880576729774475,-0.0464945025742054,0.34586724638938904,0.32675495743751526,-0.044101469218730927,0.31500494480133057,0.28384411334991455,-0.03690861538052559,0.3925750255584717,0.6047019958496094,-0.04481876641511917,0.2973339259624481,0.44866055250167847,-0.0592346116900444,0.24568675458431244,0.377456933259964,-0.05255502834916115,0.21421746909618378,0.33988186717033386,-0.04226380214095116,0.34594202041625977,0.666600227355957,-0.050076674669981,0.25435149669647217,0.5262576937675476,-0.057497650384902954,0.2194482684135437,0.4639866054058075,-0.0464511401951313,0.20443807542324066,0.4278680086135864,-0.033844951540231705,0.3138261139392853,0.7382649779319763,-0.052175555378198624,0.22421307861804962,0.6441416144371033,-0.048819415271282196,0.19634558260440826,0.5976840257644653,-0.031206808984279633,0.19091647863388062,0.5636416673660278,-0.013355797156691551
B,0.5093250274658203,0.865479588508606,7.726273310026954e-08,0.5229937434196472,0.7060034871101379,0.029644878581166267,0.5093404650688171,0.5773016214370728,0.030151747167110443,0.4699300527572632,0.4865838885307312,0.028508910909295082,0.4193773865699768,0.43460384011268616,0.02757875621318817,0.46165281534194946,0.5613324642181396,-0.04044296592473984,0.3775556981563568,0.4227212071418762,-0.0466155968606472,0.3370686173439026,0.41252750158309937,-0.02799641154706478,0.32856664061546326,0.4436764419078827,-0.006593501660972834,0.4039376974105835,0.6132081747055054,-0.05776924639940262,0.3068128526210785,0.46451258659362793,-0.06072850525379181,0.27740758657455444,0.4465099275112152,-0.034416310489177704,0.27946406602859497,0.4700167775154114,-0.011805166490375996,0.35098394751548767,0.6779890656471252,-0.06795749068260193,0.25843581557273865,0.5393681526184082,-0.06391141563653946,0.25889086723327637,0.5267519950866699,-0.029538961127400398,0.28343334794044495,0.5511955618858337,-0.004074258264154196,0.31008800864219666,0.7518243193626404,-0.07445179671049118,0.22822916507720947,0.6454750299453735,-0.0676947608590126,0.23536400496959686,0.6218368411064148,-0.03896504268050194,0.2652624547481537,0.6283742189407349,-0.013546721078455448
B,0.4989510774612427,0.8767210841178894,3.4962044992425945e-07,0.525631308555603,0.7240588665008545,0.011215001344680786,0.5182743668556213,0.5866456627845764,0.005657041445374489,0.46595314145088196,0.48601675033569336,0.0024660229682922363,0.4099718928337097,0.4245126247406006,-0.000845944625325501,0.4438921809196472,0.5783926248550415,-0.049144499003887177,0.36566078662872314,0.4347577393054962,-0.06352625042200089,0.3208636939525604,0.3906843066215515,-0.05625784397125244,0.29567795991897583,0.38711443543434143,-0.042679961770772934,0.3848778307437897,0.6343704462051392,-0.05818193033337593,0.2889687120914459,0.47968432307243347,-0.07075321674346924,0.2434147596359253,0.42831850051879883,-0.05659765377640724,0.2245018035173416,0.41840705275535583,-0.03999631851911545,0.3357071876525879,0.6980360150337219,-0.06205681711435318,0.24047014117240906,0.5530714988708496,-0.06734859943389893,0.209286168217659,0.4967273771762848,-0.04963502287864685,0.20357409119606018,0.4742552936077118,-0.03318963572382927,0.29979532957077026,0.7701477408409119,-0.0629555806517601,0.2083076536655426,0.6741213202476501,-0.062405191361904144,0.18915370106697083,0.6265495419502258,-0.04523838311433792,0.19518810510635376,0.5942001342773438,-0.027143046259880066
B,0.5218653678894043,0.9010206460952759,2.8860708312095085e-07,0.5097060799598694,0.7630769610404968,-0.007733978796750307,0.48341941833496094,0.628172755241394,-0.030843134969472885,0.48391056060791016,0.5223062038421631,-0.05370649695396423,0.5032389760017395,0.44044333696365356,-0.08024407178163528,0.3859381377696991,0.6390799880027771,-0.06813349574804306,0.27666187286376953,0.5233865976333618,-0.09376534819602966,0.21063899993896484,0.48106950521469116,-0.1010592132806778,0.1607547402381897,0.45257502794265747,-0.10466177016496658,0.3446480631828308,0.7080556750297546,-0.0770355835556984,0.21330541372299194,0.6370584964752197,-0.10086643695831299,0.23212656378746033,0.6751391291618347,-0.0905933603644371,0.27475059032440186,0.7088457345962524,-0.07979918271303177,0.31868791580200195,0.7958053350448608,-0.08234452456235886,0.18996845185756683,0.7269147634506226,-0.10175999999046326,0.21092920005321503,0.7497491836547852,-0.08022497594356537,0.2541773319244385,0.7773301601409912,-0.06182102486491203,0.30248767137527466,0.8878896236419678,-0.08701152354478836,0.18897560238838196,0.8522839546203613,-0.09838218241930008,0.1985914260149002,0.8457443118095398,-0.08009448647499084,0.2338157743215561,0.8512383699417114,-0.06290441006422043
B,0.5503010749816895,0.8848333358764648,4.1568640085642983e-07,0.5183608531951904,0.7266262173652649,0.04298387095332146,0.4687511920928955,0.6227372884750366,0.03466271236538887,0.4237130880355835,0.5402756929397583,0.023395337164402008,0.38452157378196716,0.47519156336784363,0.005696754436939955,0.46443599462509155,0.5897268056869507,-0.11417020112276077,0.4099348783493042,0.456277996301651,-0.17706502974033356,0.36843544244766235,0.37400519847869873,-0.20674192905426025,0.3367955684661865,0.3109607994556427,-0.22528450191020966,0.4377598166465759,0.6522868871688843,-0.15600214898586273,0.36920830607414246,0.5208272933959961,-0.2382969856262207,0.31102806329727173,0.44103342294692993,-0.27565309405326843,0.26672282814979553,0.38383468985557556,-0.30340608954429626,0.40775853395462036,0.7342509031295776,-0.18582846224308014,0.3464351296424866,0.6311084628105164,-0.2665630280971527,0.29257988929748535,0.5520685315132141,-0.30932649970054626,0.2546543478965759,0.4960649609565735,-0.3358413577079773,0.3748423159122467,0.822414755821228,-0.2036028653383255,0.30536770820617676,0.7546894550323486,-0.28019529581069946,0.2526760995388031,0.7098286747932434,-0.32363957166671753,0.20176835358142853,0.6734544038772583,-0.35325127840042114
B,0.5523850917816162,0.9092981219291687,6.955112894502236e-07,0.5586390495300293,0.7663629651069641,0.0035953279584646225,0.5398917198181152,0.6418142914772034,-0.008452474139630795,0.5047954320907593,0.5492590069770813,-0.019377805292606354,0.4743800163269043,0.4678255319595337,-0.03393400087952614,0.4871899485588074,0.6246013045310974,-0.07440271228551865,0.44085296988487244,0.4717951714992523,-0.1123279333114624,0.4070660471916199,0.3801635503768921,-0.12948115170001984,0.37762677669525146,0.3033319115638733,-0.13950352370738983,0.44644826650619507,0.6743336319923401,-0.09080421924591064,0.38340941071510315,0.5393564701080322,-0.1336461305618286,0.32979923486709595,0.4511566162109375,-0.15520568192005157,0.28718188405036926,0.3807409703731537,-0.1710868626832962,0.40748855471611023,0.7406898736953735,-0.10252472013235092,0.3321039378643036,0.6363579630851746,-0.142112135887146,0.2770027816295624,0.5536094307899475,-0.1648978441953659,0.23670616745948792,0.4868108630180359,-0.17962981760501862,0.3713610768318176,0.8149499893188477,-0.11030883342027664,0.28658318519592285,0.7420783042907715,-0.1500854790210724,0.2322649210691452,0.6900555491447449,-0.17245204746723175,0.18512481451034546,0.6393060684204102,-0.18574677407741547
C,0.2259836196899414,0.7484198808670044,4.823095878236927e-07,0.1785118281841278,0.6660001873970032,0.004784418735653162,0.1506255865097046,0.574123740196228,-0.004837907385081053,0.12723392248153687,0.4998686909675598,-0.01486001443117857,0.0945843756198883,0.45664069056510925,-0.02647344209253788,0.212209090590477,0.5056797862052917,-0.03505967929959297,0.2429317831993103,0.37412208318710327,-0.05046166852116585,0.26859524846076965,0.31024956703186035,-0.05354036018252373,0.29156771302223206,0.26953938603401184,-0.05235006660223007,0.2606060802936554,0.5214173197746277,-0.04494982585310936,0.3041583299636841,0.385181188583374,-0.05431565269827843,0.3361557722091675,0.32313448190689087,-0.0516667366027832,0.3606744408607483,0.29185372591018677,-0.04847976565361023,0.3073360025882721,0.5531091094017029,-0.05233008414506912,0.35628679394721985,0.4366908073425293,-0.05703692138195038,0.38654571771621704,0.38370153307914734,-0.0531216599047184,0.4055256247520447,0.3519812822341919,-0.05071047320961952,0.34687352180480957,0.5955697894096375,-0.05829347297549248,0.3884441554546356,0.5122002959251404,-0.058041684329509735,0.4120233654975891,0.46999675035476685,-0.049730610102415085,0.42778176069259644,0.43766722083091736,-0.043070558458566666
C,0.5754612684249878,0.7343202829360962,-2.1165114105770044e-07,0.5682969093322754,0.6249288320541382,0.012771247886121273,0.5429724454879761,0.5096722841262817,0.008299638517200947,0.5314702987670898,0.4238448143005371,-0.00012402499851305038,0.5363481044769287,0.35665595531463623,-0.013025420717895031,0.4809338450431824,0.4765542149543762,-0.02659894898533821,0.3984312415122986,0.3965631127357483,-0.04722927510738373,0.3490462601184845,0.3501671850681305,-0.058650195598602295,0.30942368507385254,0.3089909553527832,-0.06757229566574097,0.46059396862983704,0.5153169631958008,-0.04209936410188675,0.34724950790405273,0.5177552700042725,-0.06293981522321701,0.3516826629638672,0.5717172622680664,-0.05774436146020889,0.3787861764431,0.5942137241363525,-0.05332343652844429,0.4412943720817566,0.5754990577697754,-0.0552423931658268,0.3314440846443176,0.5652273893356323,-0.07794826477766037,0.3452729880809784,0.6110158562660217,-0.05947623401880264,0.37892764806747437,0.6282310485839844,-0.0441129095852375,0.4250524342060089,0.6431126594543457,-0.06640873104333878,0.33789241313934326,0.6278581619262695,-0.08381310105323792,0.3509594798088074,0.6621540188789368,-0.06898169219493866,0.38212230801582336,0.6805497407913208,-0.05432624742388725
C,0.5526147484779358,0.7503222227096558,4.3541942318370275e-07,0.5481126308441162,0.6390864253044128,0.011923273093998432,0.5280630588531494,0.5476908087730408,0.005398282781243324,0.5084387063980103,0.4678495526313782,-0.004598271567374468,0.5037065744400024,0.4032832682132721,-0.01809975504875183,0.45277324318885803,0.5249783396720886,-0.025127114728093147,0.39377591013908386,0.4145054817199707,-0.043545082211494446,0.35987788438796997,0.34772565960884094,-0.05279611051082611,0.33476051688194275,0.2940261960029602,-0.058615993708372116,0.4265936613082886,0.5556814670562744,-0.043072737753391266,0.33610376715660095,0.46411585807800293,-0.058911070227622986,0.2757647931575775,0.4172120988368988,-0.06843210011720657,0.22997403144836426,0.38045114278793335,-0.0763889029622078,0.40560436248779297,0.6083348393440247,-0.05840303376317024,0.31668874621391296,0.528207540512085,-0.07585488259792328,0.260049968957901,0.4864707589149475,-0.09001865237951279,0.21670596301555634,0.45511919260025024,-0.10080064833164215,0.38926470279693604,0.6765079498291016,-0.07080215215682983,0.30771932005882263,0.6628249883651733,-0.0922471359372139,0.2571845054626465,0.6600713729858398,-0.10316697508096695,0.21255970001220703,0.6558611392974854,-0.10910038650035858
C,0.5530473589897156,0.7743593454360962,-5.078482558928954e-07,0.578545093536377,0.6648285984992981,0.02404830791056156,0.5823278427124023,0.5689004063606262,0.0295222420245409,0.5723645091056824,0.4914487302303314,0.02728606015443802,0.5773980021476746,0.43239906430244446,0.02280617691576481,0.5117549896240234,0.4894981384277344,0.0224898848682642,0.44343072175979614,0.4591238498687744,0.022233840078115463,0.43692734837532043,0.502474844455719,0.01906125620007515,0.4535579979419708,0.5380329489707947,0.017475450411438942,0.4714156687259674,0.5114065408706665,0.004899126477539539,0.40795865654945374,0.48709309101104736,0.01036511268466711,0.4089127779006958,0.5339890122413635,0.01093784999102354,0.4321601986885071,0.5659602284431458,0.009426522068679333,0.4346058964729309,0.5537596940994263,-0.01045421976596117,0.37396538257598877,0.5144356489181519,-0.010614967904984951,0.3761230707168579,0.5605422854423523,-0.002111258218064904,0.3989730477333069,0.5924050211906433,0.0027933407109230757,0.4009920656681061,0.609587550163269,-0.023480059579014778,0.340707004070282,0.5501869916915894,-0.026696469634771347,0.3439950942993164,0.5795607566833496,-0.012995432130992413,0.3655756711959839,0.6097432971000671,-0.0002459401439409703
C,0.6015802621841431,0.7554279565811157,-7.711909120189375e-07,0.5381501913070679,0.672177791595459,0.020918497815728188,0.4914548397064209,0.5722704529762268,0.01629973202943802,0.46783721446990967,0.4973786473274231,0.003969000652432442,0.45918476581573486,0.43472903966903687,-0.008386148139834404,0.4746568500995636,0.4722481369972229,-0.003207256319001317,0.3888973295688629,0.44721925258636475,-0.029837923124432564,0.33272677659988403,0.4648939371109009,-0.04629627242684364,0.28686076402664185,0.4856948256492615,-0.056921109557151794,0.4928053319454193,0.48777270317077637,-0.028400663286447525,0.3789784908294678,0.540967583656311,-0.05191141366958618,0.39114540815353394,0.5949850678443909,-0.05217735096812248,0.42072805762290955,0.6158917546272278,-0.05445103719830513,0.5050547122955322,0.5323632955551147,-0.05414343252778053,0.39671218395233154,0.5799619555473328,-0.07391245663166046,0.4115322232246399,0.6277225613594055,-0.0596587136387825,0.4404068887233734,0.6445881128311157,-0.052139755338430405,0.5132476091384888,0.5895559191703796,-0.07937359809875488,0.42677226662635803,0.6113489866256714,-0.09461122006177902,0.42454737424850464,0.6478790640830994,-0.0869128555059433,0.436164915561676,0.6672218441963196,-0.08129458129405975
C,0.5781649351119995,0.7653568387031555,4.704520790710376e-07,0.5499548316001892,0.6681900024414062,-0.0024421922862529755,0.5193195343017578,0.5686690807342529,-0.015605134889483452,0.503369152545929,0.485005646944046,-0.032762546092271805,0.503530740737915,0.4173954427242279,-0.05093866214156151,0.4541153311729431,0.5340077877044678,-0.030802126973867416,0.38367345929145813,0.4405805468559265,-0.0577319897711277,0.34631067514419556,0.37474140524864197,-0.07398214936256409,0.3188600540161133,0.3189657926559448,-0.08318200707435608,0.43289417028427124,0.5763517618179321,-0.04130366072058678,0.32632705569267273,0.5660991072654724,-0.06719394773244858,0.2539673447608948,0.5555935502052307,-0.07867378741502762,0.19882264733314514,0.5468061566352844,-0.08526206761598587,0.4209819436073303,0.6351539492607117,-0.050152942538261414,0.3480917513370514,0.65456223487854,-0.07216303050518036,0.375975102186203,0.6646404266357422,-0.06555314362049103,0.41079145669937134,0.6708921194076538,-0.05551130324602127,0.41471633315086365,0.7025945782661438,-0.05980244278907776,0.367420494556427,0.7231430411338806,-0.07398463785648346,0.3920913338661194,0.7336816787719727,-0.06438009440898895,0.4205436408519745,0.7371611595153809,-0.05155756697058678
C,0.5295186042785645,0.7942859530448914,7.408027613564627e-07,0.5145260691642761,0.7010420560836792,-0.009040786884725094,0.49494627118110657,0.6025828719139099,-0.023278629407286644,0.479839950799942,0.5189270377159119,-0.0383354052901268,0.47852158546447754,0.45031413435935974,-0.05551102012395859,0.4136226773262024,0.5704233050346375,-0.04003032296895981,0.3467353880405426,0.47212016582489014,-0.06388016790151596,0.3057294487953186,0.40766841173171997,-0.07620017975568771,0.2727164030075073,0.35568979382514954,-0.08269768208265305,0.38831767439842224,0.6165328025817871,-0.04735846444964409,0.28293493390083313,0.5864704847335815,-0.06985168904066086,0.21877405047416687,0.5624198317527771,-0.0830877274274826,0.1687595397233963,0.5386718511581421,-0.09076989442110062,0.37597909569740295,0.6771411299705505,-0.052638158202171326,0.29363828897476196,0.716829240322113,-0.07583171874284744,0.25622957944869995,0.7387580871582031,-0.08326464891433716,0.23387132585048676,0.7499065399169922,-0.08459300547838211,0.3706675171852112,0.746442437171936,-0.05787456035614014,0.33287104964256287,0.7799513339996338,-0.07344752550125122,0.3476387858390808,0.7900766134262085,-0.07102670520544052,0.3666730523109436,0.788437008857727,-0.06492692977190018
C,0.5339134335517883,0.7934750914573669,7.526960530412907e-07,0.5169570446014404,0.6929124593734741,-0.004525605123490095,0.4936593174934387,0.5966524481773376,-0.019440406933426857,0.47743821144104004,0.5212476849555969,-0.036386482417583466,0.4807406961917877,0.458442360162735,-0.055517081171274185,0.41038864850997925,0.5754486322402954,-0.04036453366279602,0.35186272859573364,0.4769734740257263,-0.06853432953357697,0.3150388300418854,0.41156458854675293,-0.08446277678012848,0.2881913185119629,0.3583657741546631,-0.09401506185531616,0.38510388135910034,0.625925600528717,-0.0534251444041729,0.2853653132915497,0.5783045887947083,-0.07843190431594849,0.22424395382404327,0.5382998585700989,-0.0927882120013237,0.17692354321479797,0.5083798766136169,-0.10181600600481033,0.375172883272171,0.6945942044258118,-0.06499713659286499,0.275894433259964,0.6997416019439697,-0.08815423399209976,0.21156395971775055,0.6970601081848145,-0.10172662883996964,0.16172030568122864,0.6938871145248413,-0.11004458367824554,0.3775051534175873,0.771415114402771,-0.07584168761968613,0.30987411737442017,0.8039036393165588,-0.09712603688240051,0.265569269657135,0.8203398585319519,-0.10519414395093918,0.22623810172080994,0.8300585746765137,-0.10793455690145493
C,0.5042140483856201,0.8627256751060486,3.4049969599436736e-07,0.4584997892379761,0.7718650698661804,0.0070970323868095875,0.39702650904655457,0.6953781247138977,-0.0012085887137800455,0.36515530943870544,0.6253675818443298,-0.013954538851976395,0.3578767776489258,0.5614767074584961,-0.030124761164188385,0.31324341893196106,0.7010312676429749,-0.026526082307100296,0.23089423775672913,0.6354894042015076,-0.050255946815013885,0.18345239758491516,0.5860782265663147,-0.06500014662742615,0.14601485431194305,0.5426058769226074,-0.07493323087692261,0.30898910760879517,0.747234046459198,-0.04173904284834862,0.19440355896949768,0.7972402572631836,-0.06603918969631195,0.14402000606060028,0.861587643623352,-0.07536867260932922,0.11420419812202454,0.9031641483306885,-0.08098161220550537,0.31411266326904297,0.8118782043457031,-0.055166132748126984,0.2047656923532486,0.8700429201126099,-0.07479190081357956,0.158238023519516,0.9259784817695618,-0.07833608984947205,0.13064397871494293,0.9639220833778381,-0.07918902486562729,0.32645636796951294,0.885074257850647,-0.06735900789499283,0.24260877072811127,0.9399160742759705,-0.08263138681650162,0.20671585202217102,0.9803102016448975,-0.08381122350692749,0.18188461661338806,1.0082205533981323,-0.08141086250543594
C,0.44062554836273193,0.9307712912559509,3.529052889916784e-07,0.34529873728752136,0.9239747524261475,0.019447658210992813,0.2789461314678192,0.8624652028083801,0.026792488992214203,0.2397521734237671,0.824307382106781,0.02508469857275486,0.20156143605709076,0.7925556898117065,0.02210278995335102,0.24857977032661438,0.760804295539856,0.03814678639173508,0.2000810205936432,0.6839480400085449,0.028502721339464188,0.16775672137737274,0.6366761922836304,0.01714489981532097,0.14232635498046875,0.5944954752922058,0.007132833357900381,0.26291412115097046,0.7431143522262573,0.011832519434392452,0.21544533967971802,0.6437192559242249,0.0001076731932698749,0.1833551824092865,0.5784716606140137,-0.014016568660736084,0.1579362004995346,0.5177254676818848,-0.024896858260035515,0.2871108949184418,0.7423219084739685,-0.017118483781814575,0.24243828654289246,0.6457645297050476,-0.030703067779541016,0.2093721181154251,0.581993579864502,-0.042353786528110504,0.1795639544725418,0.5235303640365601,-0.051542237401008606,0.3173796534538269,0.7572224736213684,-0.04593769833445549,0.28087374567985535,0.6813536882400513,-0.057486578822135925,0.24903270602226257,0.6323750019073486,-0.06340762972831726,0.2201986014842987,0.5864105820655823,-0.06916193664073944
C,0.45702576637268066,0.9193435907363892,4.0017798141889216e-07,0.36891138553619385,0.9286035895347595,-0.014311613515019417,0.2794669270515442,0.8862592577934265,-0.01880337856709957,0.21821266412734985,0.8522394895553589,-0.02495974488556385,0.16388289630413055,0.8450109958648682,-0.03185915946960449,0.2568357586860657,0.7323715090751648,0.005553815048187971,0.19065628945827484,0.678966760635376,-0.008483090437948704,0.14884211122989655,0.6434301733970642,-0.0243496373295784,0.11384540796279907,0.6052378416061401,-0.03821708634495735,0.2900709807872772,0.6850094795227051,-0.005984302144497633,0.2427450716495514,0.5901501774787903,-0.017179105430841446,0.2129884511232376,0.5277358889579773,-0.032148294150829315,0.18733543157577515,0.4747731685638428,-0.044857703149318695,0.3317541778087616,0.6670650839805603,-0.022641556337475777,0.29820436239242554,0.5686707496643066,-0.04032709822058678,0.26961764693260193,0.5109129548072815,-0.05585186928510666,0.24029740691184998,0.4613507091999054,-0.06796672195196152,0.3783457577228546,0.6717780828475952,-0.04127902537584305,0.3637728691101074,0.5796935558319092,-0.05901475250720978,0.3504835069179535,0.5199947357177734,-0.06815579533576965,0.3334267735481262,0.4657130241394043,-0.07559715956449509
C,0.4867100119590759,0.8567472696304321,4.2613302753125026e-07,0.3972052037715912,0.8436629772186279,-0.024912940338253975,0.3254636526107788,0.7792451977729797,-0.031821802258491516,0.29187342524528503,0.6949504613876343,-0.03810277208685875,0.2804333567619324,0.6208789348602295,-0.042488791048526764,0.3083072006702423,0.6495758891105652,0.003049196908250451,0.24644064903259277,0.5822408199310303,-0.01136380061507225,0.20710623264312744,0.5385535359382629,-0.026470936834812164,0.17445626854896545,0.4974231421947479,-0.03896068409085274,0.3527820110321045,0.6078932881355286,-0.00024693517480045557,0.31069040298461914,0.5160354375839233,-0.008933957666158676,0.2843973636627197,0.45854198932647705,-0.021806929260492325,0.2640206217765808,0.4123613238334656,-0.032057542353868484,0.4051095247268677,0.5950754880905151,-0.009610379114747047,0.37582165002822876,0.5080032348632812,-0.024044981226325035,0.35168692469596863,0.45548439025878906,-0.03635488823056221,0.32917702198028564,0.41163867712020874,-0.04558505117893219,0.46105536818504333,0.6037916541099548,-0.02217549830675125,0.45530933141708374,0.5278468728065491,-0.03755861520767212,0.4449823498725891,0.4781578779220581,-0.044357843697071075,0.43237587809562683,0.4332062602043152,-0.04880855232477188
C,0.586847186088562,0.8135589957237244,1.2106318081350764e-07,0.5238283276557922,0.8227347135543823,-0.022879213094711304,0.46602529287338257,0.788139283657074,-0.04133859649300575,0.4451475143432617,0.7362598180770874,-0.06258826702833176,0.4453756809234619,0.6797020435333252,-0.080384761095047,0.41534489393234253,0.6589610576629639,-0.0044522820971906185,0.37571728229522705,0.628485918045044,-0.04644179344177246,0.4059775471687317,0.6611534953117371,-0.08098062127828598,0.4400448501110077,0.689631462097168,-0.09824107587337494,0.43371519446372986,0.6077941656112671,-0.015209440141916275,0.36595430970191956,0.5299279689788818,-0.036098308861255646,0.322451651096344,0.48015284538269043,-0.05611249431967735,0.28269433975219727,0.4326198697090149,-0.07027251273393631,0.47378063201904297,0.5807033181190491,-0.033857300877571106,0.41188567876815796,0.49487054347991943,-0.05653105303645134,0.3726537525653839,0.45264482498168945,-0.07241609692573547,0.33393722772598267,0.4174385368824005,-0.08285778015851974,0.5284711718559265,0.574829638004303,-0.055605895817279816,0.5083736777305603,0.5036742091178894,-0.06923495978116989,0.4901629388332367,0.4602556824684143,-0.07179459184408188,0.4688171446323395,0.4215228855609894,-0.07362949103116989
C,0.5437615513801575,0.8001714944839478,-4.367089445622696e-07,0.4756835699081421,0.8065343499183655,-0.003825185587629676,0.404248982667923,0.7626835107803345,-0.009024953469634056,0.3657442331314087,0.7092776894569397,-0.019839104264974594,0.3521605432033539,0.6493282914161682,-0.027227073907852173,0.384193480014801,0.6331169605255127,0.0347091443836689,0.3444470167160034,0.5912349224090576,0.010634157806634903,0.3601279556751251,0.629486083984375,-0.01348701398819685,0.3791825771331787,0.6648223400115967,-0.027040544897317886,0.409423828125,0.5974733829498291,0.020604513585567474,0.361841082572937,0.544135570526123,-0.009925485588610172,0.36722332239151,0.5801464915275574,-0.032469697296619415,0.37800171971321106,0.616391122341156,-0.03704313561320305,0.4451882541179657,0.5721125602722168,0.00045006931759417057,0.4003016948699951,0.5007568597793579,-0.019649667665362358,0.3646925687789917,0.46626192331314087,-0.03343163803219795,0.328450471162796,0.43819957971572876,-0.038353968411684036,0.48942217230796814,0.5633243322372437,-0.020741278305649757,0.4783753454685211,0.5013178586959839,-0.02771065942943096,0.46093618869781494,0.4672619700431824,-0.02789403684437275,0.43502795696258545,0.44211095571517944,-0.026610570028424263
C,0.5383256077766418,0.8324982523918152,-2.9667825174328755e-07,0.46051025390625,0.8493459820747375,-0.014694593846797943,0.38591545820236206,0.818665087223053,-0.02726869098842144,0.35747259855270386,0.7716453075408936,-0.04503147676587105,0.3643372058868408,0.7145443558692932,-0.05623555928468704,0.3448575735092163,0.7023718953132629,0.0067073507234454155,0.302129328250885,0.6484659314155579,-0.028390461578965187,0.32762277126312256,0.6850124597549438,-0.049024756997823715,0.3581579625606537,0.7197554707527161,-0.05628259479999542,0.37718600034713745,0.6613392233848572,-0.0016586940037086606,0.3304692208766937,0.6009921431541443,-0.043004121631383896,0.35403066873550415,0.653340756893158,-0.05774044618010521,0.38066089153289795,0.6912102699279785,-0.05671555548906326,0.42007604241371155,0.6318257451057434,-0.016368908807635307,0.3798675835132599,0.5816023945808411,-0.057173628360033035,0.4068118631839752,0.6552639007568359,-0.054245319217443466,0.43648025393486023,0.7109084129333496,-0.038057174533605576,0.46973109245300293,0.6133536696434021,-0.033096782863140106,0.4540063440799713,0.51973956823349,-0.05765677988529205,0.42925330996513367,0.48832792043685913,-0.06075317785143852,0.4023153781890869,0.47119224071502686,-0.05579252913594246
C,0.5482807159423828,0.8307805061340332,-4.196843121917482e-07,0.4603698253631592,0.8430117964744568,-0.0034143964294344187,0.3815295100212097,0.8056915998458862,-0.009261208586394787,0.34513023495674133,0.7474033832550049,-0.024269478395581245,0.3442714214324951,0.6805073618888855,-0.03680311515927315,0.3549416661262512,0.7019426822662354,0.025953983888030052,0.30091434717178345,0.6440662145614624,-0.011584892868995667,0.31401556730270386,0.6785464286804199,-0.03844599053263664,0.3437837064266205,0.7230371236801147,-0.048321083188056946,0.3822454512119293,0.663896918296814,0.009090299718081951,0.319702684879303,0.5944460034370422,-0.027797795832157135,0.32631954550743103,0.6328848600387573,-0.04630443453788757,0.35094985365867615,0.6771358251571655,-0.04644147306680679,0.42226994037628174,0.6359021067619324,-0.01386465784162283,0.37604042887687683,0.6147983074188232,-0.05394141003489494,0.4107620120048523,0.6826117038726807,-0.05427743121981621,0.44884204864501953,0.7292920351028442,-0.03951454162597656,0.4718775451183319,0.6217404007911682,-0.03774666786193848,0.42769354581832886,0.6016715168952942,-0.06037139147520065,0.44381043314933777,0.6628091335296631,-0.05025114119052887,0.46818193793296814,0.7103233933448792,-0.03407181054353714
C,0.5575947761535645,0.8340560793876648,-5.060765033704229e-07,0.4751426875591278,0.8389630317687988,-0.02056899666786194,0.40883103013038635,0.8146205544471741,-0.03673200309276581,0.3751356303691864,0.775374174118042,-0.0565127432346344,0.4073807895183563,0.7395497560501099,-0.0700376033782959,0.40211063623428345,0.6810806393623352,0.006293582264333963,0.35580551624298096,0.6475478410720825,-0.027255386114120483,0.3885652422904968,0.7134481072425842,-0.04519055038690567,0.41423144936561584,0.7268384099006653,-0.05370181053876877,0.4303859770298004,0.6481360793113708,0.0007946129189804196,0.38130509853363037,0.6054447889328003,-0.03512553125619888,0.41361933946609497,0.680326521396637,-0.03926529362797737,0.43843063712120056,0.685063898563385,-0.0317954495549202,0.46734580397605896,0.6249704360961914,-0.011952619068324566,0.4204474091529846,0.5835808515548706,-0.039191778749227524,0.44521480798721313,0.6533883810043335,-0.024099543690681458,0.46906763315200806,0.6559674143791199,-0.005165069829672575,0.5107609629631042,0.610872745513916,-0.028354832902550697,0.47044169902801514,0.5922002196311951,-0.033943649381399155,0.4772357642650604,0.641919732093811,-0.01864694245159626,0.4967551827430725,0.6453046202659607,-0.003921367693692446
C,0.5363402366638184,0.8339552879333496,2.31936851946557e-07,0.46040770411491394,0.8429569005966187,-0.007913954555988312,0.386197030544281,0.8193187713623047,-0.00729757733643055,0.33577558398246765,0.8030014634132385,-0.00934915617108345,0.2940220832824707,0.8015348315238953,-0.01195573341101408,0.38052427768707275,0.6609313488006592,0.022708971053361893,0.3364174962043762,0.6117697954177856,0.018359005451202393,0.310813307762146,0.5842044353485107,0.00806250050663948,0.2877984941005707,0.5563806891441345,-0.0012741151731461287,0.4123740494251251,0.6147552728652954,0.013756008818745613,0.3811531960964203,0.5384458303451538,0.013055258430540562,0.3614567518234253,0.49340546131134033,0.004498166497796774,0.343496710062027,0.4575597047805786,-0.003172992030158639,0.449529230594635,0.5897884964942932,-0.00028826456400565803,0.42356568574905396,0.5097064971923828,-0.008136908523738384,0.4012759029865265,0.46731555461883545,-0.017728863283991814,0.3774718940258026,0.4312737286090851,-0.02452549710869789,0.49007540941238403,0.5815447568893433,-0.01623828522861004,0.47736620903015137,0.5009613633155823,-0.026799580082297325,0.4638107717037201,0.4510459899902344,-0.032535895705223083,0.4457658529281616,0.40667739510536194,-0.036224041134119034
C,0.5321056842803955,0.8435111045837402,1.3503323259556055e-07,0.45399847626686096,0.839855432510376,-0.018136531114578247,0.3848356008529663,0.8057872653007507,-0.025542549788951874,0.3327907919883728,0.7786476612091064,-0.035101503133773804,0.29037225246429443,0.7566423416137695,-0.044213902205228806,0.4059218168258667,0.6616266369819641,0.014923900365829468,0.35908347368240356,0.6141080856323242,-0.0009533947450108826,0.32619547843933105,0.5884265899658203,-0.021162519231438637,0.2969636917114258,0.5661541223526001,-0.035575058311223984,0.43565893173217773,0.6190176010131836,0.010221383534371853,0.406913697719574,0.5388824939727783,0.0014350994024425745,0.3822256624698639,0.496069073677063,-0.011625952087342739,0.35925281047821045,0.4656042754650116,-0.021187888458371162,0.4684150218963623,0.59522545337677,-0.000748783175367862,0.4432085454463959,0.5151616334915161,-0.0099360765889287,0.4178658723831177,0.47220414876937866,-0.01671561971306801,0.39282527565956116,0.4408308267593384,-0.020854277536273003,0.5031606554985046,0.5888592004776001,-0.015245136804878712,0.4873791038990021,0.5169704556465149,-0.02238393947482109,0.46789076924324036,0.47440385818481445,-0.023395221680402756,0.44534075260162354,0.44301754236221313,-0.023219820111989975
C,0.553625226020813,0.8294723033905029,3.656727471934573e-07,0.47570401430130005,0.8257073760032654,-0.01498758140951395,0.40366923809051514,0.776461124420166,-0.017857253551483154,0.3573358356952667,0.7400547862052917,-0.021892793476581573,0.31447166204452515,0.726006269454956,-0.026419641450047493,0.41778063774108887,0.6161882281303406,0.008691078051924706,0.37593287229537964,0.5488287806510925,0.0014169951900839806,0.3494678735733032,0.5075353384017944,-0.009601110592484474,0.327854186296463,0.46947526931762695,-0.020272541791200638,0.458382785320282,0.5815150141716003,0.0007083283271640539,0.43426448106765747,0.4900341331958771,-0.004821175709366798,0.4183017909526825,0.4322124123573303,-0.01661965437233448,0.40466463565826416,0.3849243223667145,-0.02698560617864132,0.5013782978057861,0.5713005065917969,-0.012214899994432926,0.48525556921958923,0.4789378046989441,-0.026614300906658173,0.47097349166870117,0.4224552512168884,-0.04152447730302811,0.4552091658115387,0.37022873759269714,-0.0527246929705143,0.5458554625511169,0.580315113067627,-0.027059605345129967,0.5553494095802307,0.49773651361465454,-0.04432985559105873,0.5613365173339844,0.4417571425437927,-0.054876942187547684,0.563286542892456,0.3881724178791046,-0.0626450926065445
C,0.507224977016449,0.8777899146080017,-6.401938890121528e-08,0.4330577552318573,0.8420240879058838,-0.0036931494250893593,0.3755836486816406,0.7527229189872742,-0.0013010568218305707,0.34932225942611694,0.674640953540802,-0.0055650887079536915,0.3346897065639496,0.6159399151802063,-0.008982760831713676,0.39393821358680725,0.6665872931480408,0.020576462149620056,0.37648385763168335,0.5743368268013,0.005054235924035311,0.3635975420475006,0.5244165658950806,-0.006457076407968998,0.3589950501918793,0.4801715016365051,-0.013435998000204563,0.4282783269882202,0.6513974070549011,0.010527972131967545,0.393720805644989,0.5695630311965942,-0.025392761453986168,0.3610468804836273,0.6172952651977539,-0.041601430624723434,0.3512081801891327,0.6734814643859863,-0.0404118113219738,0.4646480679512024,0.646652340888977,-0.0030404047574847937,0.4358955919742584,0.5734983682632446,-0.03766802325844765,0.3987281620502472,0.6336925625801086,-0.045747824013233185,0.3852105438709259,0.6960710287094116,-0.03719141334295273,0.5068219304084778,0.6510182023048401,-0.01725148595869541,0.49712860584259033,0.5665485262870789,-0.037758611142635345,0.46523016691207886,0.570802628993988,-0.04295213893055916,0.444185733795166,0.5979316234588623,-0.03882662206888199
C,0.7083315849304199,0.7387164831161499,-4.748019932776515e-07,0.7119444608688354,0.6271533966064453,0.006239626090973616,0.7005404829978943,0.5145939588546753,0.001512971706688404,0.6964069604873657,0.4298495054244995,-0.00770094757899642,0.7148332595825195,0.3690875172615051,-0.016935698688030243,0.5992587804794312,0.4719162881374359,-0.0076841870322823524,0.5232642889022827,0.4908406734466553,-0.015999339520931244,0.544405996799469,0.5344623327255249,-0.018698938190937042,0.5771457552909851,0.5527428388595581,-0.01933310180902481,0.5651082992553711,0.5216130614280701,-0.019500063732266426,0.4959506690502167,0.5290126800537109,-0.029434839263558388,0.5208038091659546,0.5743072628974915,-0.029297253116965294,0.5531333088874817,0.5916533470153809,-0.028934966772794724,0.5407904982566833,0.5846576690673828,-0.03016931191086769,0.46260321140289307,0.5648592710494995,-0.044235650449991226,0.48716142773628235,0.6054624319076538,-0.03794584423303604,0.5238848924636841,0.6249473690986633,-0.031724754720926285,0.5244792699813843,0.6529424786567688,-0.039880912750959396,0.4499214291572571,0.6241950392723083,-0.05525778979063034,0.4010588526725769,0.6214715242385864,-0.056553542613983154,0.3623383939266205,0.6132039427757263,-0.05485282838344574
C,0.6695835590362549,0.8054639101028442,-1.6150576698237273e-07,0.6663731336593628,0.6939892172813416,-0.0051576728001236916,0.6382779479026794,0.5732607245445251,-0.016465509310364723,0.6248733997344971,0.4840107262134552,-0.02611169032752514,0.6415753960609436,0.41542476415634155,-0.03838888183236122,0.5514147281646729,0.5736920237541199,-0.05482395738363266,0.45675331354141235,0.5088940858840942,-0.08144999295473099,0.3969721794128418,0.4685203433036804,-0.09900513291358948,0.35120904445648193,0.4404395818710327,-0.11393850296735764,0.5198697447776794,0.6310542821884155,-0.05644192174077034,0.4404427409172058,0.6307797431945801,-0.07692962139844894,0.4768885672092438,0.658883273601532,-0.07105233520269394,0.5110875368118286,0.6649835705757141,-0.06897730380296707,0.5013045072555542,0.7026358246803284,-0.056301046162843704,0.42313480377197266,0.6954211592674255,-0.07317283004522324,0.4518827199935913,0.7190492749214172,-0.057097502052783966,0.4910217225551605,0.7296793460845947,-0.04709581285715103,0.48866161704063416,0.7757586240768433,-0.05595339834690094,0.4060479700565338,0.7598261833190918,-0.0799800455570221,0.35602515935897827,0.7693155407905579,-0.08439897000789642,0.3166111409664154,0.7755770087242126,-0.08564399927854538
C,0.6754764318466187,0.8172633647918701,7.707094482611865e-07,0.6598442196846008,0.7042809128761292,-0.007548421621322632,0.6327669620513916,0.5895794630050659,-0.024460775777697563,0.6230354309082031,0.49812445044517517,-0.04044151306152344,0.6339973211288452,0.4278724789619446,-0.06015198305249214,0.5552353262901306,0.593146026134491,-0.06375601887702942,0.49123650789260864,0.49082183837890625,-0.0938645750284195,0.44708678126335144,0.4311395287513733,-0.11094900220632553,0.4088345766067505,0.38063836097717285,-0.12166132032871246,0.5273873805999756,0.6556901335716248,-0.07301416248083115,0.4208696484565735,0.6117053031921387,-0.10100743919610977,0.3499346077442169,0.586313009262085,-0.1173587217926979,0.2952973544597626,0.5660275816917419,-0.13037382066249847,0.5125667452812195,0.7295780777931213,-0.07887162268161774,0.42330092191696167,0.7131576538085938,-0.10416871309280396,0.37637317180633545,0.7110335826873779,-0.11502286046743393,0.34596163034439087,0.710594117641449,-0.12120504677295685,0.5048465132713318,0.80735844373703,-0.08359664678573608,0.4310028851032257,0.7673022747039795,-0.10488050431013107,0.38657933473587036,0.7388797998428345,-0.11224594712257385,0.35130375623703003,0.7102549076080322,-0.11579865962266922
C,0.6882762908935547,0.8516033291816711,6.301139023889846e-07,0.6773571968078613,0.7255586981773376,0.003873758250847459,0.6485162377357483,0.6023450493812561,-0.009159000590443611,0.6402130722999573,0.5113434791564941,-0.023662591353058815,0.6539597511291504,0.43895021080970764,-0.042668383568525314,0.5776144862174988,0.6169276833534241,-0.048152294009923935,0.534276008605957,0.5161621570587158,-0.07725690305233002,0.5156511664390564,0.44105228781700134,-0.09519554674625397,0.5055177211761475,0.37673619389533997,-0.10818444937467575,0.5420929193496704,0.6680418848991394,-0.06444494426250458,0.467441201210022,0.6185426712036133,-0.09267953783273697,0.4257351756095886,0.58228600025177,-0.10824029892683029,0.3962208032608032,0.551660418510437,-0.12036041915416718,0.5200325846672058,0.7408589720726013,-0.07817553728818893,0.41828596591949463,0.7000013589859009,-0.11373220384120941,0.3474137485027313,0.6746848225593567,-0.13996784389019012,0.2879997193813324,0.6483467221260071,-0.1584540158510208,0.5116883516311646,0.816277801990509,-0.08757969737052917,0.4402519166469574,0.8267989158630371,-0.1253432184457779,0.39675837755203247,0.8475176095962524,-0.14492133259773254,0.3564789891242981,0.8628857135772705,-0.15682010352611542
C,0.6165822744369507,0.7911933660507202,3.446384937433322e-07,0.6103807091712952,0.6800702810287476,-0.013651393353939056,0.5923953056335449,0.5728211402893066,-0.028750449419021606,0.5845000743865967,0.4935668110847473,-0.04333854839205742,0.5895865559577942,0.43101489543914795,-0.060209501534700394,0.5511696934700012,0.6218931078910828,-0.06058332324028015,0.5131822824478149,0.5389293432235718,-0.08851617574691772,0.4990819990634918,0.47848349809646606,-0.10397113114595413,0.48710402846336365,0.4197617471218109,-0.11448229849338531,0.5223085284233093,0.6724483966827393,-0.06837711483240128,0.48404520750045776,0.6401849985122681,-0.101004958152771,0.466259628534317,0.6068487167358398,-0.11633913218975067,0.45277416706085205,0.577886700630188,-0.12860988080501556,0.4959130883216858,0.7275922298431396,-0.07561271637678146,0.45072463154792786,0.721281111240387,-0.10793221741914749,0.41815775632858276,0.7029895186424255,-0.1258741319179535,0.3909365236759186,0.6837286949157715,-0.1386791169643402,0.47350457310676575,0.7822443246841431,-0.08289341628551483,0.4045344293117523,0.7975651621818542,-0.10954609513282776,0.36029618978500366,0.8210906982421875,-0.12435676902532578,0.32073965668678284,0.8366584777832031,-0.1360817849636078
C,0.44839563965797424,0.692743718624115,-2.8156859954719948e-08,0.5147369503974915,0.6257420778274536,-0.008867813274264336,0.5639047622680664,0.5568670034408569,-0.01995144598186016,0.5930091142654419,0.48984336853027344,-0.029362300410866737,0.6181719899177551,0.4386865794658661,-0.03557228669524193,0.4855669140815735,0.45321276783943176,-0.009051356464624405,0.5143320560455322,0.41671544313430786,-0.01172837894409895,0.5236629247665405,0.45378944277763367,-0.016005780547857285,0.5194949507713318,0.4914788007736206,-0.018605874851346016,0.4371250569820404,0.44859665632247925,-0.008246256038546562,0.46908536553382874,0.4190196394920349,-0.0029328514356166124,0.48013967275619507,0.45272502303123474,-0.004114994779229164,0.4764682948589325,0.48523566126823425,-0.008411183953285217,0.39778125286102295,0.46169954538345337,-0.006882881745696068,0.42685237526893616,0.4268026351928711,-0.0011657316936179996,0.43826135993003845,0.4529631435871124,0.004130609333515167,0.436917781829834,0.48659053444862366,0.004353170283138752,0.36643123626708984,0.4808533787727356,-0.00616197707131505,0.38221925497055054,0.43686747550964355,-0.0007748677744530141,0.3955141305923462,0.4517447352409363,0.00998549722135067,0.39890432357788086,0.474263072013855,0.018109995871782303
C,0.4506199359893799,0.6882399320602417,-1.5369101902251714e-07,0.5136356949806213,0.6146647930145264,-0.0040773022919893265,0.5611809492111206,0.545324444770813,-0.01378994807600975,0.596638560295105,0.4860190153121948,-0.02518545463681221,0.633297324180603,0.4528869688510895,-0.035621803253889084,0.4845287501811981,0.442346453666687,-0.004133176524192095,0.47446373105049133,0.4020167291164398,-0.007219766266644001,0.47600287199020386,0.4442124664783478,-0.014901040121912956,0.4794132113456726,0.4856373071670532,-0.018783457577228546,0.4355770945549011,0.4436047375202179,-0.007063820958137512,0.4298168122768402,0.4306027293205261,0.00033325442927889526,0.43231773376464844,0.4674352705478668,-0.00463604973629117,0.4374053180217743,0.4987853467464447,-0.011987589299678802,0.3920389711856842,0.46466073393821716,-0.009052262641489506,0.3896743655204773,0.4452494978904724,-0.00520432461053133,0.3918773829936981,0.48009932041168213,-0.00546138733625412,0.397466242313385,0.5133752822875977,-0.0077288285829126835,0.3542899191379547,0.49018415808677673,-0.011050371453166008,0.34992873668670654,0.42327600717544556,-0.004152072127908468,0.3453979790210724,0.38541993498802185,0.0043928176164627075,0.3424808382987976,0.3602481186389923,0.010180984623730183
C,0.44975337386131287,0.6846393346786499,-2.423940088647214e-07,0.5177637934684753,0.6049361228942871,-0.008988481014966965,0.5595934391021729,0.5324190855026245,-0.019532710313796997,0.58369380235672,0.45823076367378235,-0.0293909702450037,0.6016863584518433,0.3992154896259308,-0.0370667390525341,0.48235729336738586,0.4465879797935486,-0.018659619614481926,0.4943397045135498,0.3987218141555786,-0.0261406060308218,0.5010027885437012,0.4394983649253845,-0.03254077211022377,0.4977037012577057,0.4803144037723541,-0.03510371223092079,0.4321262538433075,0.448528528213501,-0.01946541853249073,0.4492786228656769,0.4123384356498718,-0.01815832406282425,0.4564459025859833,0.4493119716644287,-0.02004954218864441,0.45590823888778687,0.4820478558540344,-0.025236671790480614,0.3883539140224457,0.46697965264320374,-0.02003147453069687,0.4057711660861969,0.42531949281692505,-0.023534677922725677,0.41147705912590027,0.4572063982486725,-0.02284112758934498,0.4104739725589752,0.49253901839256287,-0.024058694019913673,0.3527580499649048,0.48968076705932617,-0.02056633122265339,0.34160029888153076,0.4007563591003418,-0.025663631036877632,0.3313153088092804,0.3492673635482788,-0.0249934084713459,0.32108181715011597,0.31107431650161743,-0.02422572486102581
C,0.44746896624565125,0.6651639342308044,1.5938371689117048e-07,0.5083622932434082,0.6093059182167053,-0.0038551620673388243,0.5462356805801392,0.5236660242080688,-0.006187466438859701,0.5433794260025024,0.43388593196868896,-0.004892516415566206,0.5352363586425781,0.3688526153564453,-0.0022790480870753527,0.4979836344718933,0.47382235527038574,-0.0297700185328722,0.49124875664711,0.3927322328090668,-0.029973996803164482,0.48749151825904846,0.40612250566482544,-0.022626671940088272,0.4859427809715271,0.4338187873363495,-0.016894802451133728,0.4493425190448761,0.46227532625198364,-0.03135133907198906,0.4536680281162262,0.34650611877441406,-0.030586758628487587,0.44729119539260864,0.27944111824035645,-0.02918853610754013,0.44063231348991394,0.2328878939151764,-0.030871527269482613,0.4008485674858093,0.4668938219547272,-0.030944466590881348,0.3971354365348816,0.3465113341808319,-0.03841356560587883,0.3885114789009094,0.2766992449760437,-0.0524224191904068,0.38215744495391846,0.22768834233283997,-0.06455585360527039,0.35893332958221436,0.48775506019592285,-0.02770210988819599,0.32771503925323486,0.4195767343044281,-0.042427804321050644,0.29826265573501587,0.3902146816253662,-0.052616801112890244,0.2736252546310425,0.3651306927204132,-0.05965355783700943
C,0.4487406313419342,0.6666029691696167,5.421196078714274e-07,0.5144339203834534,0.6151531934738159,-0.015515610575675964,0.5521696209907532,0.5440086126327515,-0.028085758909583092,0.5719590187072754,0.47324544191360474,-0.037612494081258774,0.5977274179458618,0.4301508367061615,-0.047826074063777924,0.5012772083282471,0.45244622230529785,-0.04426856338977814,0.5251191854476929,0.3436533212661743,-0.060205210000276566,0.5334774255752563,0.2784067988395691,-0.06717506796121597,0.534740686416626,0.22692185640335083,-0.07242477685213089,0.4516438841819763,0.44729211926460266,-0.04445160925388336,0.4473954141139984,0.3431054353713989,-0.06145333871245384,0.4389262795448303,0.2781917452812195,-0.07101259380578995,0.4282147288322449,0.2279653698205948,-0.07855299860239029,0.4044182598590851,0.46074745059013367,-0.043679650872945786,0.3859374225139618,0.3848772644996643,-0.06126220151782036,0.3744860589504242,0.33192914724349976,-0.0758172795176506,0.36300015449523926,0.2897935211658478,-0.08640597760677338,0.3637152910232544,0.4844851493835449,-0.04255185276269913,0.32952427864074707,0.43835657835006714,-0.06280367076396942,0.30206501483917236,0.4142148196697235,-0.0761473998427391,0.27644258737564087,0.3908596634864807,-0.08375159651041031
C,0.46699607372283936,0.6585174798965454,-1.878302100521978e-07,0.5232502818107605,0.6151923537254333,-0.02781187929213047,0.5632461905479431,0.5724400877952576,-0.05157885700464249,0.5943423509597778,0.5363081097602844,-0.0733480378985405,0.6246612668037415,0.49777916073799133,-0.09671051055192947,0.5001737475395203,0.5662326812744141,-0.07127724587917328,0.5086971521377563,0.5762319564819336,-0.10259758681058884,0.5273949503898621,0.5826960206031799,-0.12083806842565536,0.5407254695892334,0.5796486139297485,-0.13138259947299957,0.44629037380218506,0.5715795755386353,-0.07004770636558533,0.4345705807209015,0.5782713294029236,-0.09621037542819977,0.4281444847583771,0.5834748148918152,-0.1094195619225502,0.42549291253089905,0.5903357863426208,-0.12193198502063751,0.40189993381500244,0.581351101398468,-0.0683046504855156,0.3805171549320221,0.5829769968986511,-0.09464329481124878,0.36978787183761597,0.5873812437057495,-0.10753420740365982,0.3648000657558441,0.588670015335083,-0.11752984672784805,0.3695352077484131,0.5945106744766235,-0.06785368174314499,0.3291321396827698,0.5885524749755859,-0.08646228164434433,0.3027622699737549,0.5867995023727417,-0.09327368438243866,0.28514212369918823,0.5817610621452332,-0.09993476420640945
C,0.47563910484313965,0.6397832036018372,-3.001203197072755e-07,0.5302948951721191,0.5700761675834656,0.011586528271436691,0.5527722239494324,0.48396748304367065,0.01580263487994671,0.5241807699203491,0.4345947504043579,0.02027663215994835,0.488346666097641,0.4308912754058838,0.025573737919330597,0.5026720762252808,0.4222847819328308,-0.0006499796290881932,0.5046128034591675,0.3518339991569519,0.005723781883716583,0.5090044736862183,0.3768191635608673,0.014467274770140648,0.5128383040428162,0.4064951539039612,0.019723182544112206,0.45782119035720825,0.4170163571834564,-0.006390216760337353,0.46912288665771484,0.345989465713501,-0.004509623162448406,0.48022884130477905,0.36926549673080444,-0.00015222727961372584,0.48626282811164856,0.39904657006263733,0.00523841567337513,0.4201762080192566,0.4297426640987396,-0.010259494185447693,0.4175955355167389,0.3371160924434662,-0.008407657034695148,0.42446842789649963,0.29095345735549927,-0.018170969560742378,0.42757099866867065,0.2584801912307739,-0.027488749474287033,0.39154770970344543,0.45243796706199646,-0.01077579241245985,0.35541626811027527,0.4036770761013031,-0.014408768154680729,0.3321892023086548,0.3798595666885376,-0.021942682564258575,0.30869418382644653,0.36061522364616394,-0.028273403644561768
C,0.5127476453781128,0.6356025338172913,-9.462395667014789e-08,0.5086571574211121,0.554088294506073,0.017775248736143112,0.49323201179504395,0.4660162627696991,0.02127619832754135,0.46468979120254517,0.4003574252128601,0.019958849996328354,0.43018123507499695,0.36301034688949585,0.018408549949526787,0.5164777040481567,0.41711169481277466,0.0054011270403862,0.45435017347335815,0.3284313976764679,-0.002094306517392397,0.4114219546318054,0.2887778878211975,-0.005733694415539503,0.38046807050704956,0.25995874404907227,-0.008114129304885864,0.502651572227478,0.42026442289352417,-0.01034230925142765,0.43753865361213684,0.32445597648620605,-0.01765863224864006,0.3942042589187622,0.2862843871116638,-0.020964255556464195,0.3600931167602539,0.2613305449485779,-0.024370115250349045,0.47819098830223083,0.436341255903244,-0.024981051683425903,0.4048134684562683,0.36285537481307983,-0.03341956064105034,0.35996177792549133,0.34900516271591187,-0.03468625620007515,0.3299533724784851,0.3437793552875519,-0.035691700875759125,0.4442090690135956,0.45999470353126526,-0.038115765899419785,0.40058276057243347,0.3871926963329315,-0.046921778470277786,0.36488354206085205,0.3465573191642761,-0.05038553476333618,0.33376187086105347,0.31614553928375244,-0.0529593788087368
C,0.4363352060317993,0.6688451170921326,2.467782280746178e-07,0.3771410584449768,0.6134335398674011,0.005763727240264416,0.34462299942970276,0.5441043972969055,0.006123317405581474,0.3178648352622986,0.5032719373703003,0.0015598400495946407,0.28828173875808716,0.48054614663124084,-0.0050994218327105045,0.362149715423584,0.4430360198020935,0.012946554459631443,0.3386411666870117,0.36518409848213196,-0.00045914194197393954,0.31657272577285767,0.3192526400089264,-0.014370350167155266,0.29481932520866394,0.2800232172012329,-0.025582479313015938,0.3847256004810333,0.43667149543762207,-0.0057393936440348625,0.3720855116844177,0.3447642922401428,-0.015402556397020817,0.35661840438842773,0.28253045678138733,-0.02887636236846447,0.34056317806243896,0.23383691906929016,-0.03998839855194092,0.40762460231781006,0.4532332718372345,-0.026495223864912987,0.4067716896533966,0.36457759141921997,-0.03860117495059967,0.396369069814682,0.3066527247428894,-0.051588188856840134,0.3824882209300995,0.2588191032409668,-0.06294764578342438,0.4292151629924774,0.4910393953323364,-0.04739788547158241,0.4379230737686157,0.4386662244796753,-0.060693126171827316,0.4410149157047272,0.40711772441864014,-0.06581351161003113,0.4411197900772095,0.3824830949306488,-0.0703904777765274
C,0.4318665862083435,0.6656457185745239,3.284486354004912e-07,0.37173643708229065,0.6249784231185913,-0.01465584710240364,0.32117605209350586,0.5507704615592957,-0.0213246401399374,0.26981887221336365,0.5126746892929077,-0.030386174097657204,0.22425493597984314,0.5086283087730408,-0.040762558579444885,0.3434583246707916,0.4529234766960144,0.005173079203814268,0.2945972681045532,0.411873459815979,-0.019024018198251724,0.2595154047012329,0.38554781675338745,-0.042138416320085526,0.23114685714244843,0.36372464895248413,-0.05751299113035202,0.3799804747104645,0.42407041788101196,-0.0034762497525662184,0.36484694480895996,0.3331027925014496,-0.01846630685031414,0.35738420486450195,0.27228182554244995,-0.03287126496434212,0.3502318561077118,0.22440308332443237,-0.04237767308950424,0.4206157326698303,0.42503657937049866,-0.017685670405626297,0.4225364029407501,0.3416425287723541,-0.0378081351518631,0.4181627631187439,0.2880627512931824,-0.05151946470141411,0.4091743528842926,0.24015896022319794,-0.059345632791519165,0.4592103958129883,0.44934871792793274,-0.03375239297747612,0.4810091257095337,0.39361777901649475,-0.05166644975543022,0.49665242433547974,0.35438892245292664,-0.057735707610845566,0.5069676637649536,0.3173971176147461,-0.060655515640974045
C,0.4397296905517578,0.7370330095291138,-3.2101590363708965e-07,0.3761485815048218,0.6944942474365234,-0.00466630095615983,0.3278396725654602,0.6053881049156189,-0.005941940471529961,0.2915230691432953,0.5367023348808289,-0.012521681375801563,0.24883133172988892,0.5000786185264587,-0.01917882077395916,0.3539077937602997,0.520044207572937,0.026368040591478348,0.3018433451652527,0.4669220447540283,0.00953543372452259,0.26223224401474,0.4477069079875946,-0.008723609149456024,0.22547604143619537,0.4318527579307556,-0.022166170179843903,0.38300999999046326,0.4882534146308899,0.013919983059167862,0.3303084969520569,0.4389899969100952,-0.010523676872253418,0.2820431590080261,0.44577884674072266,-0.03189616650342941,0.23862934112548828,0.4602675139904022,-0.04330994561314583,0.4204675257205963,0.47319042682647705,-0.003406340256333351,0.39147597551345825,0.3839229345321655,-0.02967703714966774,0.3459441065788269,0.3594835698604584,-0.047104571014642715,0.30039048194885254,0.34996163845062256,-0.055830761790275574,0.4618804454803467,0.4756443500518799,-0.021511781960725784,0.4855499863624573,0.3976396918296814,-0.04190589487552643,0.4825146198272705,0.3433700501918793,-0.055891986936330795,0.4688463509082794,0.2994425892829895,-0.06478085368871689
C,0.45955532789230347,0.7760893702507019,8.255765919784608e-07,0.43360885977745056,0.6788907051086426,-0.04996725544333458,0.39685115218162537,0.5608094334602356,-0.0516856387257576,0.35866403579711914,0.4637920558452606,-0.04632020369172096,0.32732340693473816,0.3827003836631775,-0.034186530858278275,0.4701725244522095,0.4803820848464966,0.014821446500718594,0.4694386124610901,0.36575764417648315,0.016356579959392548,0.46510982513427734,0.29064008593559265,0.014103498309850693,0.46047279238700867,0.23048269748687744,0.012733123265206814,0.4373542368412018,0.4880530834197998,0.035994939506053925,0.39848995208740234,0.37656986713409424,0.03625696897506714,0.36503660678863525,0.30120018124580383,0.029322179034352303,0.3414347171783447,0.24863404035568237,0.025799263268709183,0.40055954456329346,0.5200866460800171,0.047288909554481506,0.33979788422584534,0.4468120038509369,0.025725722312927246,0.31082683801651,0.447581946849823,0.006054948549717665,0.29664933681488037,0.4502032697200775,0.0014788758708164096,0.3630027174949646,0.5575830936431885,0.05466614291071892,0.3148369789123535,0.49246200919151306,0.031567178666591644,0.2753370702266693,0.47574785351753235,0.014965889044106007,0.24734456837177277,0.4596412777900696,0.007898401468992233
C,0.5124083757400513,0.7828542590141296,5.484952225742745e-07,0.5380156636238098,0.6458544135093689,0.012469375506043434,0.524000346660614,0.5239936113357544,0.011678669601678848,0.4841196537017822,0.44909563660621643,0.009702264331281185,0.44756174087524414,0.4075878858566284,0.004132286179810762,0.5200268626213074,0.49754494428634644,-0.03441639617085457,0.526832640171051,0.3683964014053345,-0.058586593717336655,0.5292876362800598,0.28597724437713623,-0.07222797721624374,0.531222403049469,0.21501407027244568,-0.08135777711868286,0.4764583706855774,0.5117906332015991,-0.05167588219046593,0.45931899547576904,0.39199531078338623,-0.0730811208486557,0.4451305568218231,0.3102884292602539,-0.08599118888378143,0.4335635006427765,0.24127086997032166,-0.09740821272134781,0.422789990901947,0.549389123916626,-0.06629365682601929,0.3830850422382355,0.43580201268196106,-0.09313523769378662,0.3598397374153137,0.3540240526199341,-0.11550195515155792,0.3415081202983856,0.285609632730484,-0.1313886195421219,0.365805447101593,0.6036453247070312,-0.07680512964725494,0.3041864037513733,0.5301194787025452,-0.10887707024812698,0.2633248567581177,0.4919582009315491,-0.12833459675312042,0.22642458975315094,0.45707419514656067,-0.14053569734096527
C,0.47545769810676575,0.779812216758728,1.4419104799046067e-09,0.4288128614425659,0.6794576048851013,0.020919764414429665,0.3857797682285309,0.5736205577850342,0.02124515362083912,0.3564739227294922,0.5039518475532532,0.015332424081861973,0.3276878297328949,0.4512006640434265,0.005716950166970491,0.39797043800354004,0.5080901980400085,-0.006392655428498983,0.3418220579624176,0.41607847809791565,-0.025534719228744507,0.29688966274261475,0.36738869547843933,-0.04143747314810753,0.25637945532798767,0.33540505170822144,-0.05245932936668396,0.3980528712272644,0.524678647518158,-0.03236984834074974,0.32023486495018005,0.44313183426856995,-0.047632426023483276,0.2572706341743469,0.3988586664199829,-0.0629671961069107,0.20392145216464996,0.36973434686660767,-0.07615572214126587,0.3950670063495636,0.5664084553718567,-0.056225456297397614,0.3218049705028534,0.4900433123111725,-0.07054613530635834,0.2668176293373108,0.4423903226852417,-0.08670838922262192,0.22209861874580383,0.4036445617675781,-0.10221224278211594,0.38908687233924866,0.6266041994094849,-0.07727933675050735,0.34283682703971863,0.5997970700263977,-0.09088834375143051,0.3227986693382263,0.5825902819633484,-0.09610138088464737,0.3086574375629425,0.5698288083076477,-0.10156504809856415
C,0.4508719742298126,0.737083911895752,4.702665989952948e-08,0.37567833065986633,0.6900540590286255,-0.015922656282782555,0.32631543278694153,0.617753803730011,-0.025065045803785324,0.2955342233181,0.5558478236198425,-0.036620594561100006,0.2627692222595215,0.5059841275215149,-0.04798669368028641,0.36307385563850403,0.48997485637664795,0.009147239848971367,0.3295869827270508,0.41760289669036865,-0.015078599564731121,0.2999427914619446,0.384229838848114,-0.040339842438697815,0.26932743191719055,0.3558664321899414,-0.05759212002158165,0.40788695216178894,0.4648929238319397,7.383463980659144e-06,0.38736283779144287,0.3729308843612671,-0.017765868455171585,0.3647758364677429,0.32030439376831055,-0.03938670456409454,0.33817771077156067,0.2736043930053711,-0.05549198016524315,0.45279350876808167,0.4638068377971649,-0.014818334020674229,0.44049155712127686,0.37396591901779175,-0.03452702611684799,0.4201837182044983,0.320091187953949,-0.050186850130558014,0.39447301626205444,0.2713540494441986,-0.060635942965745926,0.4980560839176178,0.48169589042663574,-0.03207509592175484,0.5066709518432617,0.40282726287841797,-0.04775984212756157,0.5039308667182922,0.34882065653800964,-0.05548657849431038,0.49284785985946655,0.2998368740081787,-0.06071865186095238
C,0.5882922410964966,0.7058706283569336,5.976932726525774e-08,0.5262774229049683,0.6991680264472961,-0.027867190539836884,0.4730816185474396,0.6690204739570618,-0.0513714924454689,0.4274851083755493,0.6490614414215088,-0.07655920088291168,0.38313165307044983,0.6460651159286499,-0.10163511335849762,0.4584542512893677,0.5374887585639954,-0.01252676360309124,0.41024520993232727,0.5001434683799744,-0.05581918731331825,0.38848695158958435,0.5207036733627319,-0.09394340217113495,0.3780369162559509,0.5502777695655823,-0.11542889475822449,0.4828324615955353,0.4957588315010071,-0.018436865881085396,0.43372678756713867,0.42753201723098755,-0.048664674162864685,0.39509424567222595,0.39716243743896484,-0.0765598863363266,0.3573850095272064,0.373773455619812,-0.09531253576278687,0.5203986167907715,0.47412237524986267,-0.0315571203827858,0.4812411069869995,0.38972416520118713,-0.06036543846130371,0.44799965620040894,0.3472510576248169,-0.08142930269241333,0.4137375056743622,0.3136601150035858,-0.09453596919775009,0.56475430727005,0.4736882746219635,-0.04758014157414436,0.5589417815208435,0.39463526010513306,-0.06753438711166382,0.5495201349258423,0.34266412258148193,-0.07810573279857635,0.5347756147384644,0.2986958622932434,-0.08529339730739594
C,0.6075913906097412,0.6227207779884338,-6.625797244197429e-09,0.5559703707695007,0.678618848323822,-0.02247009240090847,0.49897947907447815,0.714943528175354,-0.04324086755514145,0.4552965760231018,0.7475286722183228,-0.06624376028776169,0.42179349064826965,0.787746250629425,-0.08924862742424011,0.41495072841644287,0.6377244591712952,-0.008040040731430054,0.3588113784790039,0.6568126082420349,-0.04978311061859131,0.34106555581092834,0.6969218254089355,-0.08769457042217255,0.33652263879776,0.7440927624702454,-0.10906532406806946,0.4115506410598755,0.5855904817581177,-0.01573539711534977,0.34165796637535095,0.5819516181945801,-0.047670017927885056,0.30144140124320984,0.6039335131645203,-0.07493908703327179,0.27021539211273193,0.6389449834823608,-0.09154567867517471,0.42694345116615295,0.5373698472976685,-0.030136486515402794,0.35715338587760925,0.5133461952209473,-0.05801905319094658,0.3143036365509033,0.5212833881378174,-0.07681997865438461,0.2762017846107483,0.5420562028884888,-0.08719936013221741,0.45851871371269226,0.49573758244514465,-0.04726036638021469,0.41057050228118896,0.44367825984954834,-0.06657791137695312,0.374051034450531,0.4244955778121948,-0.07658549398183823,0.33800119161605835,0.4223441779613495,-0.08260157704353333
C,0.58107990026474,0.48828643560409546,2.3606601473602495e-07,0.5654981732368469,0.568767249584198,-0.057160329073667526,0.5399672389030457,0.6277119517326355,-0.098727285861969,0.5165658593177795,0.6668878197669983,-0.1373036652803421,0.48378244042396545,0.7082005143165588,-0.17572063207626343,0.43416276574134827,0.6325109601020813,-0.04384276643395424,0.402242511510849,0.6819257736206055,-0.10702306777238846,0.40132296085357666,0.7149168252944946,-0.16259317100048065,0.4144830107688904,0.7355290055274963,-0.19452105462551117,0.40898528695106506,0.5855252146720886,-0.03901176154613495,0.3477749228477478,0.6240230798721313,-0.08307172358036041,0.31492379307746887,0.6597226858139038,-0.12269502133131027,0.2919137477874756,0.6993148922920227,-0.14959676563739777,0.4015052616596222,0.5302655696868896,-0.04452340677380562,0.33418506383895874,0.5523419976234436,-0.08053483068943024,0.2971521019935608,0.5781658291816711,-0.10856549441814423,0.2707664966583252,0.612812340259552,-0.12696480751037598,0.4124721586704254,0.47274667024612427,-0.055833958089351654,0.359638512134552,0.4705720543861389,-0.08200730383396149,0.3271932601928711,0.48785123229026794,-0.09894664585590363,0.3025422990322113,0.5177441239356995,-0.11122044920921326
C,0.5712456703186035,0.42530161142349243,6.16526349972446e-08,0.5815435647964478,0.5080616474151611,-0.02521795779466629,0.5746140480041504,0.5835477113723755,-0.04366730898618698,0.5565509796142578,0.6291995048522949,-0.06269943714141846,0.5330643653869629,0.6752644777297974,-0.08041200041770935,0.4731610119342804,0.6489368081092834,-0.009286316111683846,0.4520890712738037,0.7164512872695923,-0.04544506222009659,0.4593612551689148,0.7569926977157593,-0.0796368420124054,0.47470158338546753,0.7896164655685425,-0.09983216971158981,0.4324047863483429,0.6198753714561462,-0.0155289676040411,0.38494032621383667,0.688401460647583,-0.038012102246284485,0.3609035015106201,0.7397554516792297,-0.06043660640716553,0.3436450958251953,0.7888247966766357,-0.07617352157831192,0.4109014570713043,0.5721096396446228,-0.028448374941945076,0.35570228099823,0.6226540207862854,-0.049101389944553375,0.32641541957855225,0.6634768843650818,-0.06345800310373306,0.3049064576625824,0.7091507911682129,-0.07306960225105286,0.4060348868370056,0.5093700885772705,-0.044616762548685074,0.35731831192970276,0.5361014008522034,-0.06043131276965141,0.3323310613632202,0.5630710124969482,-0.06447520107030869,0.31596246361732483,0.5983316898345947,-0.06634233146905899
C,0.5092087984085083,0.41419339179992676,5.401703973006988e-08,0.5446809530258179,0.4965723156929016,-0.026963595300912857,0.556279718875885,0.5800409913063049,-0.043878693133592606,0.5419327616691589,0.6379989981651306,-0.06153026223182678,0.525646448135376,0.699565052986145,-0.07796447724103928,0.479988694190979,0.6922252178192139,-0.005047865677624941,0.4841156303882599,0.7681125402450562,-0.039597287774086,0.501156747341156,0.8063443899154663,-0.07305540889501572,0.5214954614639282,0.8366231322288513,-0.09427953511476517,0.4315967857837677,0.6873834133148193,-0.01149686984717846,0.4068765342235565,0.7802912592887878,-0.03537369519472122,0.40149521827697754,0.8441466093063354,-0.06115264818072319,0.401521235704422,0.9037439823150635,-0.08022162318229675,0.39691248536109924,0.6568180322647095,-0.025086278095841408,0.3630075752735138,0.7339690327644348,-0.048132412135601044,0.35045209527015686,0.7920164465904236,-0.06771747767925262,0.34671372175216675,0.8492463231086731,-0.08146556466817856,0.3727864921092987,0.6035352945327759,-0.04223141819238663,0.337834894657135,0.6605919599533081,-0.060054391622543335,0.3240004777908325,0.7066333889961243,-0.06920670717954636,0.3209017813205719,0.7548339366912842,-0.07582250982522964
